User1,user1@example.com,52
User2,user2@example.com,51
User3,user3@example.com,44
User4,user4@example.com,66
User5,user5@example.com,53
User6,user6@example.com,64
User7,user7@example.com,62
User8,user8@example.com,62
User9,user9@example.com,66
User10,user10@example.com,52
User11,user11@example.com,23
User12,user12@example.com,54
User13,user13@example.com,54
User14,user14@example.com,22
User15,user15@example.com,68
User16,user16@example.com,75
User17,user17@example.com,37
User18,user18@example.com,56
User19,user19@example.com,31
User20,user20@example.com,79
User21,user21@example.com,19
User22,user22@example.com,25
User23,user23@example.com,49
User24,user24@example.com,43
User25,user25@example.com,28
User26,user26@example.com,80
User27,user27@example.com,70
User28,user28@example.com,35
User29,user29@example.com,23
User30,user30@example.com,72
User31,user31@example.com,53
User32,user32@example.com,64
User33,user33@example.com,21
User34,user34@example.com,25
User35,user35@example.com,62
User36,user36@example.com,51
User37,user37@example.com,20
User38,user38@example.com,23
User39,user39@example.com,57
User40,user40@example.com,36
User41,user41@example.com,37
User42,user42@example.com,55
User43,user43@example.com,72
User44,user44@example.com,77
User45,user45@example.com,31
User46,user46@example.com,59
User47,user47@example.com,59
User48,user48@example.com,51
User49,user49@example.com,55
User50,user50@example.com,48
User51,user51@example.com,65
User52,user52@example.com,43
User53,user53@example.com,37
User54,user54@example.com,50
User55,user55@example.com,23
User56,user56@example.com,78
User57,user57@example.com,70
User58,user58@example.com,58
User59,user59@example.com,18
User60,user60@example.com,74
User61,user61@example.com,72
User62,user62@example.com,78
User63,user63@example.com,35
User64,user64@example.com,55
User65,user65@example.com,56
User66,user66@example.com,43
User67,user67@example.com,27
User68,user68@example.com,35
User69,user69@example.com,74
User70,user70@example.com,68
User71,user71@example.com,74
User72,user72@example.com,68
User73,user73@example.com,60
User74,user74@example.com,69
User75,user75@example.com,79
User76,user76@example.com,56
User77,user77@example.com,33
User78,user78@example.com,19
User79,user79@example.com,41
User80,user80@example.com,70
User81,user81@example.com,19
User82,user82@example.com,67
User83,user83@example.com,24
User84,user84@example.com,70
User85,user85@example.com,20
User86,user86@example.com,30
User87,user87@example.com,55
User88,user88@example.com,47
User89,user89@example.com,56
User90,user90@example.com,58
User91,user91@example.com,71
User92,user92@example.com,49
User93,user93@example.com,21
User94,user94@example.com,53
User95,user95@example.com,28
User96,user96@example.com,65
User97,user97@example.com,46
User98,user98@example.com,51
User99,user99@example.com,73
User100,user100@example.com,75
User101,user101@example.com,22
User102,user102@example.com,34
User103,user103@example.com,48
User104,user104@example.com,70
User105,user105@example.com,28
User106,user106@example.com,76
User107,user107@example.com,27
User108,user108@example.com,39
User109,user109@example.com,54
User110,user110@example.com,35
User111,user111@example.com,41
User112,user112@example.com,21
User113,user113@example.com,65
User114,user114@example.com,76
User115,user115@example.com,43
User116,user116@example.com,58
User117,user117@example.com,33
User118,user118@example.com,23
User119,user119@example.com,73
User120,user120@example.com,25
User121,user121@example.com,78
User122,user122@example.com,58
User123,user123@example.com,65
User124,user124@example.com,61
User125,user125@example.com,80
User126,user126@example.com,62
User127,user127@example.com,25
User128,user128@example.com,42
User129,user129@example.com,39
User130,user130@example.com,32
User131,user131@example.com,19
User132,user132@example.com,19
User133,user133@example.com,74
User134,user134@example.com,18
User135,user135@example.com,28
User136,user136@example.com,19
User137,user137@example.com,45
User138,user138@example.com,36
User139,user139@example.com,53
User140,user140@example.com,53
User141,user141@example.com,53
User142,user142@example.com,79
User143,user143@example.com,34
User144,user144@example.com,77
User145,user145@example.com,76
User146,user146@example.com,23
User147,user147@example.com,35
User148,user148@example.com,70
User149,user149@example.com,73
User150,user150@example.com,75
User151,user151@example.com,55
User152,user152@example.com,70
User153,user153@example.com,53
User154,user154@example.com,79
User155,user155@example.com,72
User156,user156@example.com,32
User157,user157@example.com,58
User158,user158@example.com,21
User159,user159@example.com,39
User160,user160@example.com,75
User161,user161@example.com,55
User162,user162@example.com,23
User163,user163@example.com,66
User164,user164@example.com,24
User165,user165@example.com,22
User166,user166@example.com,37
User167,user167@example.com,24
User168,user168@example.com,59
User169,user169@example.com,57
User170,user170@example.com,52
User171,user171@example.com,47
User172,user172@example.com,77
User173,user173@example.com,63
User174,user174@example.com,73
User175,user175@example.com,36
User176,user176@example.com,44
User177,user177@example.com,80
User178,user178@example.com,66
User179,user179@example.com,48
User180,user180@example.com,55
User181,user181@example.com,29
User182,user182@example.com,76
User183,user183@example.com,18
User184,user184@example.com,38
User185,user185@example.com,68
User186,user186@example.com,21
User187,user187@example.com,47
User188,user188@example.com,19
User189,user189@example.com,24
User190,user190@example.com,44
User191,user191@example.com,64
User192,user192@example.com,77
User193,user193@example.com,38
User194,user194@example.com,47
User195,user195@example.com,51
User196,user196@example.com,56
User197,user197@example.com,30
User198,user198@example.com,36
User199,user199@example.com,61
User200,user200@example.com,40
User201,user201@example.com,54
User202,user202@example.com,28
User203,user203@example.com,22
User204,user204@example.com,52
User205,user205@example.com,18
User206,user206@example.com,70
User207,user207@example.com,37
User208,user208@example.com,73
User209,user209@example.com,69
User210,user210@example.com,20
User211,user211@example.com,79
User212,user212@example.com,64
User213,user213@example.com,45
User214,user214@example.com,66
User215,user215@example.com,65
User216,user216@example.com,51
User217,user217@example.com,36
User218,user218@example.com,63
User219,user219@example.com,42
User220,user220@example.com,66
User221,user221@example.com,30
User222,user222@example.com,18
User223,user223@example.com,20
User224,user224@example.com,63
User225,user225@example.com,18
User226,user226@example.com,46
User227,user227@example.com,77
User228,user228@example.com,62
User229,user229@example.com,29
User230,user230@example.com,37
User231,user231@example.com,60
User232,user232@example.com,42
User233,user233@example.com,27
User234,user234@example.com,76
User235,user235@example.com,29
User236,user236@example.com,21
User237,user237@example.com,80
User238,user238@example.com,30
User239,user239@example.com,37
User240,user240@example.com,18
User241,user241@example.com,30
User242,user242@example.com,42
User243,user243@example.com,62
User244,user244@example.com,59
User245,user245@example.com,40
User246,user246@example.com,35
User247,user247@example.com,78
User248,user248@example.com,21
User249,user249@example.com,35
User250,user250@example.com,42
User251,user251@example.com,36
User252,user252@example.com,72
User253,user253@example.com,45
User254,user254@example.com,45
User255,user255@example.com,78
User256,user256@example.com,62
User257,user257@example.com,43
User258,user258@example.com,79
User259,user259@example.com,64
User260,user260@example.com,75
User261,user261@example.com,80
User262,user262@example.com,36
User263,user263@example.com,50
User264,user264@example.com,57
User265,user265@example.com,41
User266,user266@example.com,37
User267,user267@example.com,74
User268,user268@example.com,48
User269,user269@example.com,46
User270,user270@example.com,38
User271,user271@example.com,29
User272,user272@example.com,28
User273,user273@example.com,26
User274,user274@example.com,35
User275,user275@example.com,61
User276,user276@example.com,58
User277,user277@example.com,37
User278,user278@example.com,23
User279,user279@example.com,36
User280,user280@example.com,50
User281,user281@example.com,34
User282,user282@example.com,39
User283,user283@example.com,67
User284,user284@example.com,58
User285,user285@example.com,70
User286,user286@example.com,69
User287,user287@example.com,71
User288,user288@example.com,74
User289,user289@example.com,48
User290,user290@example.com,59
User291,user291@example.com,66
User292,user292@example.com,27
User293,user293@example.com,70
User294,user294@example.com,73
User295,user295@example.com,42
User296,user296@example.com,43
User297,user297@example.com,74
User298,user298@example.com,80
User299,user299@example.com,77
User300,user300@example.com,36
User301,user301@example.com,28
User302,user302@example.com,74
User303,user303@example.com,59
User304,user304@example.com,58
User305,user305@example.com,70
User306,user306@example.com,47
User307,user307@example.com,25
User308,user308@example.com,18
User309,user309@example.com,55
User310,user310@example.com,43
User311,user311@example.com,67
User312,user312@example.com,75
User313,user313@example.com,27
User314,user314@example.com,57
User315,user315@example.com,27
User316,user316@example.com,39
User317,user317@example.com,25
User318,user318@example.com,39
User319,user319@example.com,64
User320,user320@example.com,80
User321,user321@example.com,27
User322,user322@example.com,20
User323,user323@example.com,35
User324,user324@example.com,68
User325,user325@example.com,30
User326,user326@example.com,68
User327,user327@example.com,50
User328,user328@example.com,25
User329,user329@example.com,63
User330,user330@example.com,78
User331,user331@example.com,64
User332,user332@example.com,45
User333,user333@example.com,47
User334,user334@example.com,19
User335,user335@example.com,61
User336,user336@example.com,38
User337,user337@example.com,76
User338,user338@example.com,24
User339,user339@example.com,23
User340,user340@example.com,44
User341,user341@example.com,32
User342,user342@example.com,62
User343,user343@example.com,49
User344,user344@example.com,36
User345,user345@example.com,42
User346,user346@example.com,34
User347,user347@example.com,44
User348,user348@example.com,20
User349,user349@example.com,77
User350,user350@example.com,40
User351,user351@example.com,36
User352,user352@example.com,47
User353,user353@example.com,19
User354,user354@example.com,31
User355,user355@example.com,52
User356,user356@example.com,20
User357,user357@example.com,25
User358,user358@example.com,37
User359,user359@example.com,59
User360,user360@example.com,69
User361,user361@example.com,57
User362,user362@example.com,57
User363,user363@example.com,23
User364,user364@example.com,21
User365,user365@example.com,31
User366,user366@example.com,52
User367,user367@example.com,37
User368,user368@example.com,31
User369,user369@example.com,23
User370,user370@example.com,60
User371,user371@example.com,42
User372,user372@example.com,26
User373,user373@example.com,69
User374,user374@example.com,80
User375,user375@example.com,64
User376,user376@example.com,42
User377,user377@example.com,71
User378,user378@example.com,76
User379,user379@example.com,21
User380,user380@example.com,65
User381,user381@example.com,28
User382,user382@example.com,22
User383,user383@example.com,63
User384,user384@example.com,59
User385,user385@example.com,70
User386,user386@example.com,61
User387,user387@example.com,27
User388,user388@example.com,76
User389,user389@example.com,80
User390,user390@example.com,48
User391,user391@example.com,80
User392,user392@example.com,65
User393,user393@example.com,21
User394,user394@example.com,62
User395,user395@example.com,19
User396,user396@example.com,45
User397,user397@example.com,57
User398,user398@example.com,33
User399,user399@example.com,43
User400,user400@example.com,21
User401,user401@example.com,75
User402,user402@example.com,72
User403,user403@example.com,24
User404,user404@example.com,70
User405,user405@example.com,27
User406,user406@example.com,20
User407,user407@example.com,59
User408,user408@example.com,77
User409,user409@example.com,40
User410,user410@example.com,39
User411,user411@example.com,53
User412,user412@example.com,53
User413,user413@example.com,69
User414,user414@example.com,37
User415,user415@example.com,76
User416,user416@example.com,40
User417,user417@example.com,29
User418,user418@example.com,66
User419,user419@example.com,39
User420,user420@example.com,35
User421,user421@example.com,75
User422,user422@example.com,65
User423,user423@example.com,73
User424,user424@example.com,61
User425,user425@example.com,41
User426,user426@example.com,68
User427,user427@example.com,38
User428,user428@example.com,24
User429,user429@example.com,47
User430,user430@example.com,25
User431,user431@example.com,45
User432,user432@example.com,59
User433,user433@example.com,46
User434,user434@example.com,34
User435,user435@example.com,54
User436,user436@example.com,31
User437,user437@example.com,63
User438,user438@example.com,75
User439,user439@example.com,38
User440,user440@example.com,80
User441,user441@example.com,76
User442,user442@example.com,48
User443,user443@example.com,49
User444,user444@example.com,34
User445,user445@example.com,27
User446,user446@example.com,69
User447,user447@example.com,72
User448,user448@example.com,62
User449,user449@example.com,63
User450,user450@example.com,56
User451,user451@example.com,27
User452,user452@example.com,60
User453,user453@example.com,38
User454,user454@example.com,64
User455,user455@example.com,68
User456,user456@example.com,80
User457,user457@example.com,56
User458,user458@example.com,33
User459,user459@example.com,40
User460,user460@example.com,27
User461,user461@example.com,47
User462,user462@example.com,73
User463,user463@example.com,49
User464,user464@example.com,59
User465,user465@example.com,21
User466,user466@example.com,58
User467,user467@example.com,31
User468,user468@example.com,61
User469,user469@example.com,31
User470,user470@example.com,56
User471,user471@example.com,52
User472,user472@example.com,54
User473,user473@example.com,59
User474,user474@example.com,71
User475,user475@example.com,25
User476,user476@example.com,20
User477,user477@example.com,48
User478,user478@example.com,29
User479,user479@example.com,55
User480,user480@example.com,75
User481,user481@example.com,22
User482,user482@example.com,69
User483,user483@example.com,73
User484,user484@example.com,18
User485,user485@example.com,64
User486,user486@example.com,24
User487,user487@example.com,68
User488,user488@example.com,24
User489,user489@example.com,19
User490,user490@example.com,31
User491,user491@example.com,25
User492,user492@example.com,56
User493,user493@example.com,80
User494,user494@example.com,32
User495,user495@example.com,32
User496,user496@example.com,59
User497,user497@example.com,24
User498,user498@example.com,65
User499,user499@example.com,35
User500,user500@example.com,42
User501,user501@example.com,56
User502,user502@example.com,45
User503,user503@example.com,72
User504,user504@example.com,40
User505,user505@example.com,24
User506,user506@example.com,45
User507,user507@example.com,51
User508,user508@example.com,38
User509,user509@example.com,29
User510,user510@example.com,38
User511,user511@example.com,69
User512,user512@example.com,70
User513,user513@example.com,39
User514,user514@example.com,40
User515,user515@example.com,34
User516,user516@example.com,44
User517,user517@example.com,38
User518,user518@example.com,24
User519,user519@example.com,57
User520,user520@example.com,26
User521,user521@example.com,61
User522,user522@example.com,43
User523,user523@example.com,76
User524,user524@example.com,30
User525,user525@example.com,33
User526,user526@example.com,40
User527,user527@example.com,47
User528,user528@example.com,74
User529,user529@example.com,71
User530,user530@example.com,35
User531,user531@example.com,42
User532,user532@example.com,71
User533,user533@example.com,52
User534,user534@example.com,70
User535,user535@example.com,43
User536,user536@example.com,74
User537,user537@example.com,30
User538,user538@example.com,36
User539,user539@example.com,19
User540,user540@example.com,62
User541,user541@example.com,65
User542,user542@example.com,28
User543,user543@example.com,47
User544,user544@example.com,27
User545,user545@example.com,46
User546,user546@example.com,64
User547,user547@example.com,59
User548,user548@example.com,67
User549,user549@example.com,65
User550,user550@example.com,38
User551,user551@example.com,57
User552,user552@example.com,50
User553,user553@example.com,65
User554,user554@example.com,18
User555,user555@example.com,27
User556,user556@example.com,29
User557,user557@example.com,55
User558,user558@example.com,36
User559,user559@example.com,78
User560,user560@example.com,42
User561,user561@example.com,35
User562,user562@example.com,39
User563,user563@example.com,50
User564,user564@example.com,69
User565,user565@example.com,65
User566,user566@example.com,20
User567,user567@example.com,53
User568,user568@example.com,27
User569,user569@example.com,57
User570,user570@example.com,38
User571,user571@example.com,77
User572,user572@example.com,77
User573,user573@example.com,25
User574,user574@example.com,44
User575,user575@example.com,77
User576,user576@example.com,41
User577,user577@example.com,41
User578,user578@example.com,26
User579,user579@example.com,80
User580,user580@example.com,26
User581,user581@example.com,54
User582,user582@example.com,35
User583,user583@example.com,65
User584,user584@example.com,77
User585,user585@example.com,50
User586,user586@example.com,37
User587,user587@example.com,53
User588,user588@example.com,72
User589,user589@example.com,74
User590,user590@example.com,39
User591,user591@example.com,51
User592,user592@example.com,59
User593,user593@example.com,23
User594,user594@example.com,27
User595,user595@example.com,39
User596,user596@example.com,50
User597,user597@example.com,44
User598,user598@example.com,73
User599,user599@example.com,19
User600,user600@example.com,52
User601,user601@example.com,71
User602,user602@example.com,46
User603,user603@example.com,55
User604,user604@example.com,23
User605,user605@example.com,20
User606,user606@example.com,47
User607,user607@example.com,63
User608,user608@example.com,47
User609,user609@example.com,19
User610,user610@example.com,61
User611,user611@example.com,37
User612,user612@example.com,71
User613,user613@example.com,80
User614,user614@example.com,26
User615,user615@example.com,39
User616,user616@example.com,54
User617,user617@example.com,37
User618,user618@example.com,55
User619,user619@example.com,44
User620,user620@example.com,59
User621,user621@example.com,29
User622,user622@example.com,27
User623,user623@example.com,29
User624,user624@example.com,68
User625,user625@example.com,35
User626,user626@example.com,21
User627,user627@example.com,68
User628,user628@example.com,46
User629,user629@example.com,75
User630,user630@example.com,31
User631,user631@example.com,68
User632,user632@example.com,23
User633,user633@example.com,33
User634,user634@example.com,33
User635,user635@example.com,43
User636,user636@example.com,20
User637,user637@example.com,66
User638,user638@example.com,31
User639,user639@example.com,72
User640,user640@example.com,62
User641,user641@example.com,79
User642,user642@example.com,57
User643,user643@example.com,63
User644,user644@example.com,61
User645,user645@example.com,77
User646,user646@example.com,76
User647,user647@example.com,52
User648,user648@example.com,50
User649,user649@example.com,51
User650,user650@example.com,45
User651,user651@example.com,27
User652,user652@example.com,26
User653,user653@example.com,25
User654,user654@example.com,75
User655,user655@example.com,71
User656,user656@example.com,44
User657,user657@example.com,63
User658,user658@example.com,41
User659,user659@example.com,76
User660,user660@example.com,18
User661,user661@example.com,55
User662,user662@example.com,40
User663,user663@example.com,59
User664,user664@example.com,80
User665,user665@example.com,57
User666,user666@example.com,34
User667,user667@example.com,50
User668,user668@example.com,55
User669,user669@example.com,47
User670,user670@example.com,79
User671,user671@example.com,47
User672,user672@example.com,67
User673,user673@example.com,21
User674,user674@example.com,63
User675,user675@example.com,30
User676,user676@example.com,47
User677,user677@example.com,79
User678,user678@example.com,25
User679,user679@example.com,28
User680,user680@example.com,41
User681,user681@example.com,20
User682,user682@example.com,73
User683,user683@example.com,70
User684,user684@example.com,60
User685,user685@example.com,41
User686,user686@example.com,71
User687,user687@example.com,39
User688,user688@example.com,36
User689,user689@example.com,20
User690,user690@example.com,72
User691,user691@example.com,39
User692,user692@example.com,78
User693,user693@example.com,28
User694,user694@example.com,54
User695,user695@example.com,68
User696,user696@example.com,23
User697,user697@example.com,29
User698,user698@example.com,39
User699,user699@example.com,63
User700,user700@example.com,60
User701,user701@example.com,37
User702,user702@example.com,32
User703,user703@example.com,48
User704,user704@example.com,58
User705,user705@example.com,19
User706,user706@example.com,45
User707,user707@example.com,64
User708,user708@example.com,67
User709,user709@example.com,31
User710,user710@example.com,34
User711,user711@example.com,72
User712,user712@example.com,78
User713,user713@example.com,37
User714,user714@example.com,36
User715,user715@example.com,32
User716,user716@example.com,23
User717,user717@example.com,19
User718,user718@example.com,46
User719,user719@example.com,67
User720,user720@example.com,61
User721,user721@example.com,75
User722,user722@example.com,73
User723,user723@example.com,72
User724,user724@example.com,75
User725,user725@example.com,49
User726,user726@example.com,20
User727,user727@example.com,31
User728,user728@example.com,33
User729,user729@example.com,46
User730,user730@example.com,80
User731,user731@example.com,39
User732,user732@example.com,34
User733,user733@example.com,19
User734,user734@example.com,42
User735,user735@example.com,73
User736,user736@example.com,27
User737,user737@example.com,57
User738,user738@example.com,30
User739,user739@example.com,32
User740,user740@example.com,76
User741,user741@example.com,67
User742,user742@example.com,57
User743,user743@example.com,24
User744,user744@example.com,66
User745,user745@example.com,54
User746,user746@example.com,37
User747,user747@example.com,74
User748,user748@example.com,19
User749,user749@example.com,46
User750,user750@example.com,59
User751,user751@example.com,56
User752,user752@example.com,53
User753,user753@example.com,51
User754,user754@example.com,59
User755,user755@example.com,57
User756,user756@example.com,31
User757,user757@example.com,45
User758,user758@example.com,60
User759,user759@example.com,24
User760,user760@example.com,44
User761,user761@example.com,80
User762,user762@example.com,48
User763,user763@example.com,73
User764,user764@example.com,45
User765,user765@example.com,75
User766,user766@example.com,42
User767,user767@example.com,50
User768,user768@example.com,72
User769,user769@example.com,36
User770,user770@example.com,29
User771,user771@example.com,76
User772,user772@example.com,23
User773,user773@example.com,72
User774,user774@example.com,68
User775,user775@example.com,52
User776,user776@example.com,52
User777,user777@example.com,31
User778,user778@example.com,77
User779,user779@example.com,39
User780,user780@example.com,53
User781,user781@example.com,21
User782,user782@example.com,55
User783,user783@example.com,75
User784,user784@example.com,72
User785,user785@example.com,80
User786,user786@example.com,52
User787,user787@example.com,38
User788,user788@example.com,45
User789,user789@example.com,59
User790,user790@example.com,61
User791,user791@example.com,18
User792,user792@example.com,69
User793,user793@example.com,57
User794,user794@example.com,41
User795,user795@example.com,62
User796,user796@example.com,25
User797,user797@example.com,64
User798,user798@example.com,26
User799,user799@example.com,59
User800,user800@example.com,71
User801,user801@example.com,40
User802,user802@example.com,28
User803,user803@example.com,46
User804,user804@example.com,26
User805,user805@example.com,63
User806,user806@example.com,52
User807,user807@example.com,23
User808,user808@example.com,55
User809,user809@example.com,68
User810,user810@example.com,76
User811,user811@example.com,51
User812,user812@example.com,46
User813,user813@example.com,53
User814,user814@example.com,80
User815,user815@example.com,33
User816,user816@example.com,59
User817,user817@example.com,42
User818,user818@example.com,74
User819,user819@example.com,20
User820,user820@example.com,39
User821,user821@example.com,64
User822,user822@example.com,43
User823,user823@example.com,69
User824,user824@example.com,49
User825,user825@example.com,72
User826,user826@example.com,18
User827,user827@example.com,65
User828,user828@example.com,75
User829,user829@example.com,37
User830,user830@example.com,44
User831,user831@example.com,21
User832,user832@example.com,55
User833,user833@example.com,25
User834,user834@example.com,41
User835,user835@example.com,30
User836,user836@example.com,59
User837,user837@example.com,30
User838,user838@example.com,80
User839,user839@example.com,32
User840,user840@example.com,79
User841,user841@example.com,51
User842,user842@example.com,46
User843,user843@example.com,54
User844,user844@example.com,34
User845,user845@example.com,22
User846,user846@example.com,57
User847,user847@example.com,36
User848,user848@example.com,38
User849,user849@example.com,48
User850,user850@example.com,28
User851,user851@example.com,41
User852,user852@example.com,27
User853,user853@example.com,68
User854,user854@example.com,41
User855,user855@example.com,55
User856,user856@example.com,23
User857,user857@example.com,34
User858,user858@example.com,41
User859,user859@example.com,51
User860,user860@example.com,28
User861,user861@example.com,47
User862,user862@example.com,63
User863,user863@example.com,62
User864,user864@example.com,75
User865,user865@example.com,21
User866,user866@example.com,49
User867,user867@example.com,79
User868,user868@example.com,55
User869,user869@example.com,25
User870,user870@example.com,78
User871,user871@example.com,21
User872,user872@example.com,59
User873,user873@example.com,34
User874,user874@example.com,71
User875,user875@example.com,51
User876,user876@example.com,72
User877,user877@example.com,24
User878,user878@example.com,20
User879,user879@example.com,39
User880,user880@example.com,22
User881,user881@example.com,26
User882,user882@example.com,54
User883,user883@example.com,77
User884,user884@example.com,20
User885,user885@example.com,43
User886,user886@example.com,42
User887,user887@example.com,67
User888,user888@example.com,50
User889,user889@example.com,57
User890,user890@example.com,35
User891,user891@example.com,45
User892,user892@example.com,32
User893,user893@example.com,42
User894,user894@example.com,21
User895,user895@example.com,61
User896,user896@example.com,47
User897,user897@example.com,20
User898,user898@example.com,39
User899,user899@example.com,64
User900,user900@example.com,77
User901,user901@example.com,27
User902,user902@example.com,48
User903,user903@example.com,52
User904,user904@example.com,51
User905,user905@example.com,77
User906,user906@example.com,80
User907,user907@example.com,53
User908,user908@example.com,36
User909,user909@example.com,61
User910,user910@example.com,34
User911,user911@example.com,77
User912,user912@example.com,21
User913,user913@example.com,74
User914,user914@example.com,60
User915,user915@example.com,36
User916,user916@example.com,78
User917,user917@example.com,70
User918,user918@example.com,80
User919,user919@example.com,21
User920,user920@example.com,31
User921,user921@example.com,75
User922,user922@example.com,48
User923,user923@example.com,47
User924,user924@example.com,32
User925,user925@example.com,71
User926,user926@example.com,71
User927,user927@example.com,68
User928,user928@example.com,21
User929,user929@example.com,64
User930,user930@example.com,57
User931,user931@example.com,22
User932,user932@example.com,21
User933,user933@example.com,49
User934,user934@example.com,21
User935,user935@example.com,49
User936,user936@example.com,52
User937,user937@example.com,33
User938,user938@example.com,53
User939,user939@example.com,29
User940,user940@example.com,29
User941,user941@example.com,23
User942,user942@example.com,62
User943,user943@example.com,43
User944,user944@example.com,19
User945,user945@example.com,80
User946,user946@example.com,18
User947,user947@example.com,51
User948,user948@example.com,70
User949,user949@example.com,34
User950,user950@example.com,80
User951,user951@example.com,78
User952,user952@example.com,41
User953,user953@example.com,77
User954,user954@example.com,56
User955,user955@example.com,25
User956,user956@example.com,57
User957,user957@example.com,37
User958,user958@example.com,68
User959,user959@example.com,41
User960,user960@example.com,32
User961,user961@example.com,79
User962,user962@example.com,38
User963,user963@example.com,64
User964,user964@example.com,21
User965,user965@example.com,59
User966,user966@example.com,44
User967,user967@example.com,68
User968,user968@example.com,61
User969,user969@example.com,34
User970,user970@example.com,22
User971,user971@example.com,27
User972,user972@example.com,59
User973,user973@example.com,74
User974,user974@example.com,58
User975,user975@example.com,74
User976,user976@example.com,63
User977,user977@example.com,31
User978,user978@example.com,47
User979,user979@example.com,28
User980,user980@example.com,32
User981,user981@example.com,49
User982,user982@example.com,35
User983,user983@example.com,62
User984,user984@example.com,69
User985,user985@example.com,32
User986,user986@example.com,67
User987,user987@example.com,51
User988,user988@example.com,60
User989,user989@example.com,61
User990,user990@example.com,31
User991,user991@example.com,19
User992,user992@example.com,78
User993,user993@example.com,60
User994,user994@example.com,75
User995,user995@example.com,72
User996,user996@example.com,63
User997,user997@example.com,59
User998,user998@example.com,80
User999,user999@example.com,53
User1000,user1000@example.com,65
User1001,user1001@example.com,32
User1002,user1002@example.com,30
User1003,user1003@example.com,77
User1004,user1004@example.com,54
User1005,user1005@example.com,52
User1006,user1006@example.com,64
User1007,user1007@example.com,60
User1008,user1008@example.com,76
User1009,user1009@example.com,58
User1010,user1010@example.com,28
User1011,user1011@example.com,36
User1012,user1012@example.com,70
User1013,user1013@example.com,47
User1014,user1014@example.com,21
User1015,user1015@example.com,71
User1016,user1016@example.com,34
User1017,user1017@example.com,35
User1018,user1018@example.com,22
User1019,user1019@example.com,56
User1020,user1020@example.com,28
User1021,user1021@example.com,64
User1022,user1022@example.com,27
User1023,user1023@example.com,72
User1024,user1024@example.com,57
User1025,user1025@example.com,55
User1026,user1026@example.com,56
User1027,user1027@example.com,35
User1028,user1028@example.com,39
User1029,user1029@example.com,56
User1030,user1030@example.com,47
User1031,user1031@example.com,19
User1032,user1032@example.com,50
User1033,user1033@example.com,67
User1034,user1034@example.com,29
User1035,user1035@example.com,30
User1036,user1036@example.com,66
User1037,user1037@example.com,71
User1038,user1038@example.com,46
User1039,user1039@example.com,35
User1040,user1040@example.com,72
User1041,user1041@example.com,69
User1042,user1042@example.com,47
User1043,user1043@example.com,35
User1044,user1044@example.com,77
User1045,user1045@example.com,38
User1046,user1046@example.com,77
User1047,user1047@example.com,50
User1048,user1048@example.com,56
User1049,user1049@example.com,33
User1050,user1050@example.com,38
User1051,user1051@example.com,45
User1052,user1052@example.com,24
User1053,user1053@example.com,38
User1054,user1054@example.com,52
User1055,user1055@example.com,65
User1056,user1056@example.com,44
User1057,user1057@example.com,43
User1058,user1058@example.com,39
User1059,user1059@example.com,29
User1060,user1060@example.com,76
User1061,user1061@example.com,36
User1062,user1062@example.com,63
User1063,user1063@example.com,36
User1064,user1064@example.com,44
User1065,user1065@example.com,30
User1066,user1066@example.com,77
User1067,user1067@example.com,33
User1068,user1068@example.com,32
User1069,user1069@example.com,75
User1070,user1070@example.com,63
User1071,user1071@example.com,29
User1072,user1072@example.com,41
User1073,user1073@example.com,40
User1074,user1074@example.com,32
User1075,user1075@example.com,57
User1076,user1076@example.com,44
User1077,user1077@example.com,51
User1078,user1078@example.com,23
User1079,user1079@example.com,79
User1080,user1080@example.com,29
User1081,user1081@example.com,47
User1082,user1082@example.com,74
User1083,user1083@example.com,60
User1084,user1084@example.com,68
User1085,user1085@example.com,58
User1086,user1086@example.com,39
User1087,user1087@example.com,58
User1088,user1088@example.com,58
User1089,user1089@example.com,45
User1090,user1090@example.com,64
User1091,user1091@example.com,26
User1092,user1092@example.com,77
User1093,user1093@example.com,50
User1094,user1094@example.com,51
User1095,user1095@example.com,78
User1096,user1096@example.com,78
User1097,user1097@example.com,30
User1098,user1098@example.com,77
User1099,user1099@example.com,51
User1100,user1100@example.com,32
User1101,user1101@example.com,57
User1102,user1102@example.com,63
User1103,user1103@example.com,64
User1104,user1104@example.com,26
User1105,user1105@example.com,42
User1106,user1106@example.com,38
User1107,user1107@example.com,55
User1108,user1108@example.com,49
User1109,user1109@example.com,52
User1110,user1110@example.com,64
User1111,user1111@example.com,32
User1112,user1112@example.com,32
User1113,user1113@example.com,36
User1114,user1114@example.com,34
User1115,user1115@example.com,77
User1116,user1116@example.com,30
User1117,user1117@example.com,53
User1118,user1118@example.com,38
User1119,user1119@example.com,35
User1120,user1120@example.com,22
User1121,user1121@example.com,30
User1122,user1122@example.com,40
User1123,user1123@example.com,39
User1124,user1124@example.com,53
User1125,user1125@example.com,63
User1126,user1126@example.com,20
User1127,user1127@example.com,28
User1128,user1128@example.com,58
User1129,user1129@example.com,23
User1130,user1130@example.com,79
User1131,user1131@example.com,51
User1132,user1132@example.com,66
User1133,user1133@example.com,59
User1134,user1134@example.com,43
User1135,user1135@example.com,39
User1136,user1136@example.com,74
User1137,user1137@example.com,60
User1138,user1138@example.com,19
User1139,user1139@example.com,74
User1140,user1140@example.com,71
User1141,user1141@example.com,60
User1142,user1142@example.com,49
User1143,user1143@example.com,57
User1144,user1144@example.com,66
User1145,user1145@example.com,59
User1146,user1146@example.com,72
User1147,user1147@example.com,41
User1148,user1148@example.com,63
User1149,user1149@example.com,35
User1150,user1150@example.com,67
User1151,user1151@example.com,63
User1152,user1152@example.com,73
User1153,user1153@example.com,42
User1154,user1154@example.com,63
User1155,user1155@example.com,43
User1156,user1156@example.com,33
User1157,user1157@example.com,68
User1158,user1158@example.com,63
User1159,user1159@example.com,77
User1160,user1160@example.com,43
User1161,user1161@example.com,78
User1162,user1162@example.com,29
User1163,user1163@example.com,53
User1164,user1164@example.com,58
User1165,user1165@example.com,55
User1166,user1166@example.com,19
User1167,user1167@example.com,50
User1168,user1168@example.com,18
User1169,user1169@example.com,43
User1170,user1170@example.com,24
User1171,user1171@example.com,30
User1172,user1172@example.com,19
User1173,user1173@example.com,65
User1174,user1174@example.com,36
User1175,user1175@example.com,58
User1176,user1176@example.com,49
User1177,user1177@example.com,72
User1178,user1178@example.com,73
User1179,user1179@example.com,20
User1180,user1180@example.com,60
User1181,user1181@example.com,62
User1182,user1182@example.com,68
User1183,user1183@example.com,68
User1184,user1184@example.com,28
User1185,user1185@example.com,62
User1186,user1186@example.com,57
User1187,user1187@example.com,67
User1188,user1188@example.com,24
User1189,user1189@example.com,72
User1190,user1190@example.com,78
User1191,user1191@example.com,28
User1192,user1192@example.com,65
User1193,user1193@example.com,76
User1194,user1194@example.com,47
User1195,user1195@example.com,44
User1196,user1196@example.com,33
User1197,user1197@example.com,79
User1198,user1198@example.com,61
User1199,user1199@example.com,57
User1200,user1200@example.com,55
User1201,user1201@example.com,37
User1202,user1202@example.com,45
User1203,user1203@example.com,59
User1204,user1204@example.com,48
User1205,user1205@example.com,40
User1206,user1206@example.com,65
User1207,user1207@example.com,35
User1208,user1208@example.com,80
User1209,user1209@example.com,35
User1210,user1210@example.com,40
User1211,user1211@example.com,58
User1212,user1212@example.com,33
User1213,user1213@example.com,41
User1214,user1214@example.com,27
User1215,user1215@example.com,50
User1216,user1216@example.com,20
User1217,user1217@example.com,56
User1218,user1218@example.com,59
User1219,user1219@example.com,34
User1220,user1220@example.com,55
User1221,user1221@example.com,63
User1222,user1222@example.com,78
User1223,user1223@example.com,24
User1224,user1224@example.com,74
User1225,user1225@example.com,79
User1226,user1226@example.com,67
User1227,user1227@example.com,62
User1228,user1228@example.com,65
User1229,user1229@example.com,34
User1230,user1230@example.com,61
User1231,user1231@example.com,48
User1232,user1232@example.com,67
User1233,user1233@example.com,46
User1234,user1234@example.com,31
User1235,user1235@example.com,66
User1236,user1236@example.com,34
User1237,user1237@example.com,21
User1238,user1238@example.com,46
User1239,user1239@example.com,27
User1240,user1240@example.com,80
User1241,user1241@example.com,29
User1242,user1242@example.com,54
User1243,user1243@example.com,76
User1244,user1244@example.com,21
User1245,user1245@example.com,44
User1246,user1246@example.com,57
User1247,user1247@example.com,57
User1248,user1248@example.com,22
User1249,user1249@example.com,70
User1250,user1250@example.com,27
User1251,user1251@example.com,62
User1252,user1252@example.com,69
User1253,user1253@example.com,61
User1254,user1254@example.com,78
User1255,user1255@example.com,31
User1256,user1256@example.com,61
User1257,user1257@example.com,34
User1258,user1258@example.com,54
User1259,user1259@example.com,63
User1260,user1260@example.com,43
User1261,user1261@example.com,21
User1262,user1262@example.com,75
User1263,user1263@example.com,44
User1264,user1264@example.com,27
User1265,user1265@example.com,59
User1266,user1266@example.com,25
User1267,user1267@example.com,43
User1268,user1268@example.com,32
User1269,user1269@example.com,61
User1270,user1270@example.com,46
User1271,user1271@example.com,24
User1272,user1272@example.com,72
User1273,user1273@example.com,27
User1274,user1274@example.com,80
User1275,user1275@example.com,76
User1276,user1276@example.com,71
User1277,user1277@example.com,32
User1278,user1278@example.com,42
User1279,user1279@example.com,38
User1280,user1280@example.com,77
User1281,user1281@example.com,19
User1282,user1282@example.com,34
User1283,user1283@example.com,61
User1284,user1284@example.com,75
User1285,user1285@example.com,78
User1286,user1286@example.com,34
User1287,user1287@example.com,29
User1288,user1288@example.com,42
User1289,user1289@example.com,53
User1290,user1290@example.com,51
User1291,user1291@example.com,46
User1292,user1292@example.com,53
User1293,user1293@example.com,55
User1294,user1294@example.com,49
User1295,user1295@example.com,74
User1296,user1296@example.com,33
User1297,user1297@example.com,78
User1298,user1298@example.com,62
User1299,user1299@example.com,65
User1300,user1300@example.com,74
User1301,user1301@example.com,39
User1302,user1302@example.com,48
User1303,user1303@example.com,76
User1304,user1304@example.com,27
User1305,user1305@example.com,27
User1306,user1306@example.com,29
User1307,user1307@example.com,61
User1308,user1308@example.com,54
User1309,user1309@example.com,35
User1310,user1310@example.com,59
User1311,user1311@example.com,37
User1312,user1312@example.com,47
User1313,user1313@example.com,32
User1314,user1314@example.com,21
User1315,user1315@example.com,29
User1316,user1316@example.com,76
User1317,user1317@example.com,28
User1318,user1318@example.com,73
User1319,user1319@example.com,65
User1320,user1320@example.com,80
User1321,user1321@example.com,46
User1322,user1322@example.com,53
User1323,user1323@example.com,31
User1324,user1324@example.com,33
User1325,user1325@example.com,69
User1326,user1326@example.com,52
User1327,user1327@example.com,44
User1328,user1328@example.com,72
User1329,user1329@example.com,27
User1330,user1330@example.com,76
User1331,user1331@example.com,62
User1332,user1332@example.com,56
User1333,user1333@example.com,74
User1334,user1334@example.com,69
User1335,user1335@example.com,21
User1336,user1336@example.com,20
User1337,user1337@example.com,71
User1338,user1338@example.com,47
User1339,user1339@example.com,21
User1340,user1340@example.com,72
User1341,user1341@example.com,27
User1342,user1342@example.com,60
User1343,user1343@example.com,35
User1344,user1344@example.com,60
User1345,user1345@example.com,71
User1346,user1346@example.com,37
User1347,user1347@example.com,64
User1348,user1348@example.com,76
User1349,user1349@example.com,65
User1350,user1350@example.com,32
User1351,user1351@example.com,71
User1352,user1352@example.com,37
User1353,user1353@example.com,47
User1354,user1354@example.com,52
User1355,user1355@example.com,52
User1356,user1356@example.com,19
User1357,user1357@example.com,34
User1358,user1358@example.com,25
User1359,user1359@example.com,61
User1360,user1360@example.com,50
User1361,user1361@example.com,51
User1362,user1362@example.com,37
User1363,user1363@example.com,30
User1364,user1364@example.com,62
User1365,user1365@example.com,33
User1366,user1366@example.com,39
User1367,user1367@example.com,57
User1368,user1368@example.com,32
User1369,user1369@example.com,27
User1370,user1370@example.com,37
User1371,user1371@example.com,79
User1372,user1372@example.com,75
User1373,user1373@example.com,77
User1374,user1374@example.com,26
User1375,user1375@example.com,67
User1376,user1376@example.com,27
User1377,user1377@example.com,35
User1378,user1378@example.com,57
User1379,user1379@example.com,69
User1380,user1380@example.com,47
User1381,user1381@example.com,34
User1382,user1382@example.com,69
User1383,user1383@example.com,63
User1384,user1384@example.com,32
User1385,user1385@example.com,74
User1386,user1386@example.com,20
User1387,user1387@example.com,49
User1388,user1388@example.com,79
User1389,user1389@example.com,70
User1390,user1390@example.com,45
User1391,user1391@example.com,19
User1392,user1392@example.com,44
User1393,user1393@example.com,68
User1394,user1394@example.com,67
User1395,user1395@example.com,77
User1396,user1396@example.com,47
User1397,user1397@example.com,64
User1398,user1398@example.com,31
User1399,user1399@example.com,20
User1400,user1400@example.com,39
User1401,user1401@example.com,72
User1402,user1402@example.com,58
User1403,user1403@example.com,50
User1404,user1404@example.com,50
User1405,user1405@example.com,75
User1406,user1406@example.com,26
User1407,user1407@example.com,26
User1408,user1408@example.com,37
User1409,user1409@example.com,56
User1410,user1410@example.com,27
User1411,user1411@example.com,47
User1412,user1412@example.com,53
User1413,user1413@example.com,74
User1414,user1414@example.com,72
User1415,user1415@example.com,53
User1416,user1416@example.com,49
User1417,user1417@example.com,72
User1418,user1418@example.com,34
User1419,user1419@example.com,48
User1420,user1420@example.com,76
User1421,user1421@example.com,49
User1422,user1422@example.com,65
User1423,user1423@example.com,36
User1424,user1424@example.com,58
User1425,user1425@example.com,29
User1426,user1426@example.com,73
User1427,user1427@example.com,24
User1428,user1428@example.com,47
User1429,user1429@example.com,24
User1430,user1430@example.com,48
User1431,user1431@example.com,37
User1432,user1432@example.com,79
User1433,user1433@example.com,64
User1434,user1434@example.com,63
User1435,user1435@example.com,33
User1436,user1436@example.com,79
User1437,user1437@example.com,27
User1438,user1438@example.com,30
User1439,user1439@example.com,60
User1440,user1440@example.com,78
User1441,user1441@example.com,42
User1442,user1442@example.com,68
User1443,user1443@example.com,35
User1444,user1444@example.com,48
User1445,user1445@example.com,28
User1446,user1446@example.com,43
User1447,user1447@example.com,21
User1448,user1448@example.com,43
User1449,user1449@example.com,67
User1450,user1450@example.com,29
User1451,user1451@example.com,22
User1452,user1452@example.com,62
User1453,user1453@example.com,63
User1454,user1454@example.com,48
User1455,user1455@example.com,54
User1456,user1456@example.com,53
User1457,user1457@example.com,49
User1458,user1458@example.com,71
User1459,user1459@example.com,31
User1460,user1460@example.com,52
User1461,user1461@example.com,22
User1462,user1462@example.com,56
User1463,user1463@example.com,19
User1464,user1464@example.com,68
User1465,user1465@example.com,61
User1466,user1466@example.com,19
User1467,user1467@example.com,69
User1468,user1468@example.com,45
User1469,user1469@example.com,38
User1470,user1470@example.com,54
User1471,user1471@example.com,49
User1472,user1472@example.com,47
User1473,user1473@example.com,32
User1474,user1474@example.com,71
User1475,user1475@example.com,61
User1476,user1476@example.com,58
User1477,user1477@example.com,29
User1478,user1478@example.com,43
User1479,user1479@example.com,71
User1480,user1480@example.com,26
User1481,user1481@example.com,36
User1482,user1482@example.com,74
User1483,user1483@example.com,38
User1484,user1484@example.com,50
User1485,user1485@example.com,59
User1486,user1486@example.com,30
User1487,user1487@example.com,45
User1488,user1488@example.com,51
User1489,user1489@example.com,53
User1490,user1490@example.com,59
User1491,user1491@example.com,30
User1492,user1492@example.com,50
User1493,user1493@example.com,44
User1494,user1494@example.com,59
User1495,user1495@example.com,55
User1496,user1496@example.com,67
User1497,user1497@example.com,59
User1498,user1498@example.com,70
User1499,user1499@example.com,38
User1500,user1500@example.com,46
User1501,user1501@example.com,77
User1502,user1502@example.com,29
User1503,user1503@example.com,73
User1504,user1504@example.com,63
User1505,user1505@example.com,28
User1506,user1506@example.com,28
User1507,user1507@example.com,27
User1508,user1508@example.com,59
User1509,user1509@example.com,69
User1510,user1510@example.com,44
User1511,user1511@example.com,19
User1512,user1512@example.com,78
User1513,user1513@example.com,52
User1514,user1514@example.com,59
User1515,user1515@example.com,53
User1516,user1516@example.com,66
User1517,user1517@example.com,32
User1518,user1518@example.com,60
User1519,user1519@example.com,72
User1520,user1520@example.com,27
User1521,user1521@example.com,25
User1522,user1522@example.com,38
User1523,user1523@example.com,78
User1524,user1524@example.com,47
User1525,user1525@example.com,71
User1526,user1526@example.com,61
User1527,user1527@example.com,79
User1528,user1528@example.com,74
User1529,user1529@example.com,40
User1530,user1530@example.com,39
User1531,user1531@example.com,76
User1532,user1532@example.com,28
User1533,user1533@example.com,51
User1534,user1534@example.com,71
User1535,user1535@example.com,66
User1536,user1536@example.com,77
User1537,user1537@example.com,44
User1538,user1538@example.com,78
User1539,user1539@example.com,66
User1540,user1540@example.com,65
User1541,user1541@example.com,76
User1542,user1542@example.com,63
User1543,user1543@example.com,22
User1544,user1544@example.com,63
User1545,user1545@example.com,37
User1546,user1546@example.com,57
User1547,user1547@example.com,30
User1548,user1548@example.com,29
User1549,user1549@example.com,69
User1550,user1550@example.com,57
User1551,user1551@example.com,27
User1552,user1552@example.com,20
User1553,user1553@example.com,18
User1554,user1554@example.com,29
User1555,user1555@example.com,70
User1556,user1556@example.com,71
User1557,user1557@example.com,19
User1558,user1558@example.com,42
User1559,user1559@example.com,41
User1560,user1560@example.com,63
User1561,user1561@example.com,65
User1562,user1562@example.com,20
User1563,user1563@example.com,26
User1564,user1564@example.com,22
User1565,user1565@example.com,39
User1566,user1566@example.com,46
User1567,user1567@example.com,43
User1568,user1568@example.com,49
User1569,user1569@example.com,60
User1570,user1570@example.com,58
User1571,user1571@example.com,70
User1572,user1572@example.com,75
User1573,user1573@example.com,48
User1574,user1574@example.com,51
User1575,user1575@example.com,47
User1576,user1576@example.com,30
User1577,user1577@example.com,39
User1578,user1578@example.com,32
User1579,user1579@example.com,40
User1580,user1580@example.com,51
User1581,user1581@example.com,53
User1582,user1582@example.com,49
User1583,user1583@example.com,50
User1584,user1584@example.com,69
User1585,user1585@example.com,47
User1586,user1586@example.com,76
User1587,user1587@example.com,55
User1588,user1588@example.com,76
User1589,user1589@example.com,61
User1590,user1590@example.com,31
User1591,user1591@example.com,26
User1592,user1592@example.com,80
User1593,user1593@example.com,56
User1594,user1594@example.com,18
User1595,user1595@example.com,50
User1596,user1596@example.com,40
User1597,user1597@example.com,28
User1598,user1598@example.com,26
User1599,user1599@example.com,39
User1600,user1600@example.com,20
User1601,user1601@example.com,50
User1602,user1602@example.com,23
User1603,user1603@example.com,35
User1604,user1604@example.com,69
User1605,user1605@example.com,50
User1606,user1606@example.com,77
User1607,user1607@example.com,56
User1608,user1608@example.com,60
User1609,user1609@example.com,24
User1610,user1610@example.com,67
User1611,user1611@example.com,40
User1612,user1612@example.com,48
User1613,user1613@example.com,50
User1614,user1614@example.com,57
User1615,user1615@example.com,21
User1616,user1616@example.com,32
User1617,user1617@example.com,66
User1618,user1618@example.com,58
User1619,user1619@example.com,38
User1620,user1620@example.com,60
User1621,user1621@example.com,47
User1622,user1622@example.com,68
User1623,user1623@example.com,52
User1624,user1624@example.com,18
User1625,user1625@example.com,75
User1626,user1626@example.com,27
User1627,user1627@example.com,42
User1628,user1628@example.com,22
User1629,user1629@example.com,76
User1630,user1630@example.com,30
User1631,user1631@example.com,44
User1632,user1632@example.com,43
User1633,user1633@example.com,50
User1634,user1634@example.com,21
User1635,user1635@example.com,30
User1636,user1636@example.com,24
User1637,user1637@example.com,37
User1638,user1638@example.com,43
User1639,user1639@example.com,31
User1640,user1640@example.com,28
User1641,user1641@example.com,49
User1642,user1642@example.com,47
User1643,user1643@example.com,51
User1644,user1644@example.com,79
User1645,user1645@example.com,50
User1646,user1646@example.com,39
User1647,user1647@example.com,44
User1648,user1648@example.com,36
User1649,user1649@example.com,33
User1650,user1650@example.com,79
User1651,user1651@example.com,75
User1652,user1652@example.com,77
User1653,user1653@example.com,36
User1654,user1654@example.com,55
User1655,user1655@example.com,32
User1656,user1656@example.com,63
User1657,user1657@example.com,31
User1658,user1658@example.com,62
User1659,user1659@example.com,46
User1660,user1660@example.com,35
User1661,user1661@example.com,68
User1662,user1662@example.com,40
User1663,user1663@example.com,23
User1664,user1664@example.com,35
User1665,user1665@example.com,26
User1666,user1666@example.com,60
User1667,user1667@example.com,62
User1668,user1668@example.com,31
User1669,user1669@example.com,45
User1670,user1670@example.com,36
User1671,user1671@example.com,49
User1672,user1672@example.com,80
User1673,user1673@example.com,70
User1674,user1674@example.com,77
User1675,user1675@example.com,24
User1676,user1676@example.com,23
User1677,user1677@example.com,75
User1678,user1678@example.com,25
User1679,user1679@example.com,31
User1680,user1680@example.com,62
User1681,user1681@example.com,37
User1682,user1682@example.com,32
User1683,user1683@example.com,78
User1684,user1684@example.com,69
User1685,user1685@example.com,64
User1686,user1686@example.com,74
User1687,user1687@example.com,67
User1688,user1688@example.com,71
User1689,user1689@example.com,59
User1690,user1690@example.com,49
User1691,user1691@example.com,68
User1692,user1692@example.com,65
User1693,user1693@example.com,37
User1694,user1694@example.com,61
User1695,user1695@example.com,37
User1696,user1696@example.com,76
User1697,user1697@example.com,58
User1698,user1698@example.com,32
User1699,user1699@example.com,56
User1700,user1700@example.com,71
User1701,user1701@example.com,51
User1702,user1702@example.com,64
User1703,user1703@example.com,28
User1704,user1704@example.com,18
User1705,user1705@example.com,37
User1706,user1706@example.com,53
User1707,user1707@example.com,42
User1708,user1708@example.com,39
User1709,user1709@example.com,28
User1710,user1710@example.com,22
User1711,user1711@example.com,54
User1712,user1712@example.com,51
User1713,user1713@example.com,20
User1714,user1714@example.com,50
User1715,user1715@example.com,56
User1716,user1716@example.com,60
User1717,user1717@example.com,75
User1718,user1718@example.com,61
User1719,user1719@example.com,69
User1720,user1720@example.com,42
User1721,user1721@example.com,32
User1722,user1722@example.com,49
User1723,user1723@example.com,33
User1724,user1724@example.com,73
User1725,user1725@example.com,36
User1726,user1726@example.com,30
User1727,user1727@example.com,75
User1728,user1728@example.com,54
User1729,user1729@example.com,59
User1730,user1730@example.com,35
User1731,user1731@example.com,33
User1732,user1732@example.com,47
User1733,user1733@example.com,69
User1734,user1734@example.com,35
User1735,user1735@example.com,36
User1736,user1736@example.com,50
User1737,user1737@example.com,35
User1738,user1738@example.com,72
User1739,user1739@example.com,49
User1740,user1740@example.com,28
User1741,user1741@example.com,51
User1742,user1742@example.com,21
User1743,user1743@example.com,77
User1744,user1744@example.com,46
User1745,user1745@example.com,22
User1746,user1746@example.com,36
User1747,user1747@example.com,53
User1748,user1748@example.com,23
User1749,user1749@example.com,23
User1750,user1750@example.com,71
User1751,user1751@example.com,43
User1752,user1752@example.com,44
User1753,user1753@example.com,60
User1754,user1754@example.com,57
User1755,user1755@example.com,28
User1756,user1756@example.com,34
User1757,user1757@example.com,51
User1758,user1758@example.com,63
User1759,user1759@example.com,56
User1760,user1760@example.com,22
User1761,user1761@example.com,39
User1762,user1762@example.com,53
User1763,user1763@example.com,32
User1764,user1764@example.com,30
User1765,user1765@example.com,58
User1766,user1766@example.com,64
User1767,user1767@example.com,42
User1768,user1768@example.com,77
User1769,user1769@example.com,68
User1770,user1770@example.com,78
User1771,user1771@example.com,79
User1772,user1772@example.com,66
User1773,user1773@example.com,66
User1774,user1774@example.com,46
User1775,user1775@example.com,26
User1776,user1776@example.com,60
User1777,user1777@example.com,33
User1778,user1778@example.com,19
User1779,user1779@example.com,34
User1780,user1780@example.com,29
User1781,user1781@example.com,22
User1782,user1782@example.com,75
User1783,user1783@example.com,37
User1784,user1784@example.com,61
User1785,user1785@example.com,59
User1786,user1786@example.com,62
User1787,user1787@example.com,52
User1788,user1788@example.com,18
User1789,user1789@example.com,71
User1790,user1790@example.com,56
User1791,user1791@example.com,64
User1792,user1792@example.com,66
User1793,user1793@example.com,20
User1794,user1794@example.com,78
User1795,user1795@example.com,25
User1796,user1796@example.com,39
User1797,user1797@example.com,47
User1798,user1798@example.com,68
User1799,user1799@example.com,27
User1800,user1800@example.com,49
User1801,user1801@example.com,74
User1802,user1802@example.com,70
User1803,user1803@example.com,74
User1804,user1804@example.com,73
User1805,user1805@example.com,78
User1806,user1806@example.com,69
User1807,user1807@example.com,66
User1808,user1808@example.com,79
User1809,user1809@example.com,31
User1810,user1810@example.com,70
User1811,user1811@example.com,21
User1812,user1812@example.com,55
User1813,user1813@example.com,40
User1814,user1814@example.com,27
User1815,user1815@example.com,26
User1816,user1816@example.com,80
User1817,user1817@example.com,25
User1818,user1818@example.com,35
User1819,user1819@example.com,73
User1820,user1820@example.com,40
User1821,user1821@example.com,43
User1822,user1822@example.com,80
User1823,user1823@example.com,50
User1824,user1824@example.com,55
User1825,user1825@example.com,80
User1826,user1826@example.com,62
User1827,user1827@example.com,54
User1828,user1828@example.com,55
User1829,user1829@example.com,30
User1830,user1830@example.com,79
User1831,user1831@example.com,41
User1832,user1832@example.com,26
User1833,user1833@example.com,52
User1834,user1834@example.com,35
User1835,user1835@example.com,49
User1836,user1836@example.com,62
User1837,user1837@example.com,56
User1838,user1838@example.com,63
User1839,user1839@example.com,76
User1840,user1840@example.com,63
User1841,user1841@example.com,41
User1842,user1842@example.com,79
User1843,user1843@example.com,45
User1844,user1844@example.com,38
User1845,user1845@example.com,44
User1846,user1846@example.com,27
User1847,user1847@example.com,46
User1848,user1848@example.com,80
User1849,user1849@example.com,49
User1850,user1850@example.com,72
User1851,user1851@example.com,65
User1852,user1852@example.com,58
User1853,user1853@example.com,72
User1854,user1854@example.com,66
User1855,user1855@example.com,30
User1856,user1856@example.com,27
User1857,user1857@example.com,51
User1858,user1858@example.com,36
User1859,user1859@example.com,38
User1860,user1860@example.com,57
User1861,user1861@example.com,53
User1862,user1862@example.com,19
User1863,user1863@example.com,67
User1864,user1864@example.com,23
User1865,user1865@example.com,59
User1866,user1866@example.com,18
User1867,user1867@example.com,76
User1868,user1868@example.com,23
User1869,user1869@example.com,79
User1870,user1870@example.com,56
User1871,user1871@example.com,28
User1872,user1872@example.com,47
User1873,user1873@example.com,49
User1874,user1874@example.com,54
User1875,user1875@example.com,42
User1876,user1876@example.com,43
User1877,user1877@example.com,80
User1878,user1878@example.com,50
User1879,user1879@example.com,42
User1880,user1880@example.com,77
User1881,user1881@example.com,32
User1882,user1882@example.com,48
User1883,user1883@example.com,26
User1884,user1884@example.com,70
User1885,user1885@example.com,22
User1886,user1886@example.com,59
User1887,user1887@example.com,53
User1888,user1888@example.com,19
User1889,user1889@example.com,24
User1890,user1890@example.com,21
User1891,user1891@example.com,35
User1892,user1892@example.com,73
User1893,user1893@example.com,80
User1894,user1894@example.com,56
User1895,user1895@example.com,66
User1896,user1896@example.com,61
User1897,user1897@example.com,71
User1898,user1898@example.com,33
User1899,user1899@example.com,45
User1900,user1900@example.com,32
User1901,user1901@example.com,46
User1902,user1902@example.com,32
User1903,user1903@example.com,30
User1904,user1904@example.com,66
User1905,user1905@example.com,80
User1906,user1906@example.com,35
User1907,user1907@example.com,62
User1908,user1908@example.com,57
User1909,user1909@example.com,24
User1910,user1910@example.com,19
User1911,user1911@example.com,57
User1912,user1912@example.com,31
User1913,user1913@example.com,29
User1914,user1914@example.com,71
User1915,user1915@example.com,22
User1916,user1916@example.com,53
User1917,user1917@example.com,36
User1918,user1918@example.com,23
User1919,user1919@example.com,37
User1920,user1920@example.com,33
User1921,user1921@example.com,32
User1922,user1922@example.com,71
User1923,user1923@example.com,61
User1924,user1924@example.com,34
User1925,user1925@example.com,41
User1926,user1926@example.com,65
User1927,user1927@example.com,40
User1928,user1928@example.com,65
User1929,user1929@example.com,18
User1930,user1930@example.com,62
User1931,user1931@example.com,64
User1932,user1932@example.com,79
User1933,user1933@example.com,29
User1934,user1934@example.com,62
User1935,user1935@example.com,36
User1936,user1936@example.com,75
User1937,user1937@example.com,49
User1938,user1938@example.com,25
User1939,user1939@example.com,43
User1940,user1940@example.com,37
User1941,user1941@example.com,40
User1942,user1942@example.com,24
User1943,user1943@example.com,70
User1944,user1944@example.com,59
User1945,user1945@example.com,20
User1946,user1946@example.com,26
User1947,user1947@example.com,47
User1948,user1948@example.com,63
User1949,user1949@example.com,80
User1950,user1950@example.com,78
User1951,user1951@example.com,40
User1952,user1952@example.com,39
User1953,user1953@example.com,31
User1954,user1954@example.com,52
User1955,user1955@example.com,51
User1956,user1956@example.com,43
User1957,user1957@example.com,58
User1958,user1958@example.com,65
User1959,user1959@example.com,30
User1960,user1960@example.com,58
User1961,user1961@example.com,42
User1962,user1962@example.com,41
User1963,user1963@example.com,38
User1964,user1964@example.com,62
User1965,user1965@example.com,72
User1966,user1966@example.com,58
User1967,user1967@example.com,52
User1968,user1968@example.com,57
User1969,user1969@example.com,27
User1970,user1970@example.com,63
User1971,user1971@example.com,70
User1972,user1972@example.com,66
User1973,user1973@example.com,25
User1974,user1974@example.com,74
User1975,user1975@example.com,70
User1976,user1976@example.com,48
User1977,user1977@example.com,70
User1978,user1978@example.com,52
User1979,user1979@example.com,24
User1980,user1980@example.com,49
User1981,user1981@example.com,25
User1982,user1982@example.com,56
User1983,user1983@example.com,73
User1984,user1984@example.com,68
User1985,user1985@example.com,76
User1986,user1986@example.com,73
User1987,user1987@example.com,68
User1988,user1988@example.com,61
User1989,user1989@example.com,76
User1990,user1990@example.com,55
User1991,user1991@example.com,59
User1992,user1992@example.com,28
User1993,user1993@example.com,48
User1994,user1994@example.com,69
User1995,user1995@example.com,71
User1996,user1996@example.com,21
User1997,user1997@example.com,19
User1998,user1998@example.com,33
User1999,user1999@example.com,53
User2000,user2000@example.com,65
User2001,user2001@example.com,73
User2002,user2002@example.com,61
User2003,user2003@example.com,62
User2004,user2004@example.com,28
User2005,user2005@example.com,54
User2006,user2006@example.com,25
User2007,user2007@example.com,28
User2008,user2008@example.com,40
User2009,user2009@example.com,58
User2010,user2010@example.com,25
User2011,user2011@example.com,26
User2012,user2012@example.com,19
User2013,user2013@example.com,48
User2014,user2014@example.com,32
User2015,user2015@example.com,33
User2016,user2016@example.com,65
User2017,user2017@example.com,62
User2018,user2018@example.com,71
User2019,user2019@example.com,77
User2020,user2020@example.com,40
User2021,user2021@example.com,69
User2022,user2022@example.com,52
User2023,user2023@example.com,45
User2024,user2024@example.com,64
User2025,user2025@example.com,58
User2026,user2026@example.com,29
User2027,user2027@example.com,28
User2028,user2028@example.com,62
User2029,user2029@example.com,75
User2030,user2030@example.com,73
User2031,user2031@example.com,31
User2032,user2032@example.com,80
User2033,user2033@example.com,71
User2034,user2034@example.com,51
User2035,user2035@example.com,32
User2036,user2036@example.com,66
User2037,user2037@example.com,57
User2038,user2038@example.com,24
User2039,user2039@example.com,64
User2040,user2040@example.com,60
User2041,user2041@example.com,20
User2042,user2042@example.com,60
User2043,user2043@example.com,24
User2044,user2044@example.com,47
User2045,user2045@example.com,21
User2046,user2046@example.com,24
User2047,user2047@example.com,56
User2048,user2048@example.com,36
User2049,user2049@example.com,33
User2050,user2050@example.com,32
User2051,user2051@example.com,57
User2052,user2052@example.com,42
User2053,user2053@example.com,50
User2054,user2054@example.com,59
User2055,user2055@example.com,51
User2056,user2056@example.com,51
User2057,user2057@example.com,47
User2058,user2058@example.com,61
User2059,user2059@example.com,66
User2060,user2060@example.com,62
User2061,user2061@example.com,40
User2062,user2062@example.com,48
User2063,user2063@example.com,23
User2064,user2064@example.com,45
User2065,user2065@example.com,28
User2066,user2066@example.com,29
User2067,user2067@example.com,73
User2068,user2068@example.com,44
User2069,user2069@example.com,41
User2070,user2070@example.com,29
User2071,user2071@example.com,66
User2072,user2072@example.com,63
User2073,user2073@example.com,29
User2074,user2074@example.com,27
User2075,user2075@example.com,46
User2076,user2076@example.com,42
User2077,user2077@example.com,54
User2078,user2078@example.com,62
User2079,user2079@example.com,50
User2080,user2080@example.com,72
User2081,user2081@example.com,23
User2082,user2082@example.com,20
User2083,user2083@example.com,25
User2084,user2084@example.com,46
User2085,user2085@example.com,65
User2086,user2086@example.com,26
User2087,user2087@example.com,18
User2088,user2088@example.com,29
User2089,user2089@example.com,50
User2090,user2090@example.com,69
User2091,user2091@example.com,41
User2092,user2092@example.com,59
User2093,user2093@example.com,75
User2094,user2094@example.com,38
User2095,user2095@example.com,33
User2096,user2096@example.com,31
User2097,user2097@example.com,19
User2098,user2098@example.com,52
User2099,user2099@example.com,53
User2100,user2100@example.com,33
User2101,user2101@example.com,60
User2102,user2102@example.com,62
User2103,user2103@example.com,35
User2104,user2104@example.com,39
User2105,user2105@example.com,64
User2106,user2106@example.com,31
User2107,user2107@example.com,65
User2108,user2108@example.com,47
User2109,user2109@example.com,45
User2110,user2110@example.com,66
User2111,user2111@example.com,42
User2112,user2112@example.com,61
User2113,user2113@example.com,18
User2114,user2114@example.com,24
User2115,user2115@example.com,69
User2116,user2116@example.com,24
User2117,user2117@example.com,45
User2118,user2118@example.com,32
User2119,user2119@example.com,21
User2120,user2120@example.com,20
User2121,user2121@example.com,53
User2122,user2122@example.com,23
User2123,user2123@example.com,27
User2124,user2124@example.com,18
User2125,user2125@example.com,56
User2126,user2126@example.com,36
User2127,user2127@example.com,21
User2128,user2128@example.com,66
User2129,user2129@example.com,24
User2130,user2130@example.com,43
User2131,user2131@example.com,63
User2132,user2132@example.com,53
User2133,user2133@example.com,36
User2134,user2134@example.com,62
User2135,user2135@example.com,65
User2136,user2136@example.com,58
User2137,user2137@example.com,27
User2138,user2138@example.com,78
User2139,user2139@example.com,63
User2140,user2140@example.com,68
User2141,user2141@example.com,70
User2142,user2142@example.com,38
User2143,user2143@example.com,66
User2144,user2144@example.com,78
User2145,user2145@example.com,53
User2146,user2146@example.com,65
User2147,user2147@example.com,43
User2148,user2148@example.com,79
User2149,user2149@example.com,36
User2150,user2150@example.com,59
User2151,user2151@example.com,71
User2152,user2152@example.com,64
User2153,user2153@example.com,54
User2154,user2154@example.com,26
User2155,user2155@example.com,22
User2156,user2156@example.com,64
User2157,user2157@example.com,68
User2158,user2158@example.com,18
User2159,user2159@example.com,36
User2160,user2160@example.com,40
User2161,user2161@example.com,18
User2162,user2162@example.com,28
User2163,user2163@example.com,77
User2164,user2164@example.com,57
User2165,user2165@example.com,21
User2166,user2166@example.com,26
User2167,user2167@example.com,24
User2168,user2168@example.com,64
User2169,user2169@example.com,68
User2170,user2170@example.com,60
User2171,user2171@example.com,64
User2172,user2172@example.com,53
User2173,user2173@example.com,32
User2174,user2174@example.com,58
User2175,user2175@example.com,48
User2176,user2176@example.com,22
User2177,user2177@example.com,28
User2178,user2178@example.com,39
User2179,user2179@example.com,60
User2180,user2180@example.com,25
User2181,user2181@example.com,54
User2182,user2182@example.com,31
User2183,user2183@example.com,24
User2184,user2184@example.com,64
User2185,user2185@example.com,21
User2186,user2186@example.com,51
User2187,user2187@example.com,47
User2188,user2188@example.com,70
User2189,user2189@example.com,69
User2190,user2190@example.com,43
User2191,user2191@example.com,23
User2192,user2192@example.com,70
User2193,user2193@example.com,49
User2194,user2194@example.com,54
User2195,user2195@example.com,40
User2196,user2196@example.com,31
User2197,user2197@example.com,53
User2198,user2198@example.com,71
User2199,user2199@example.com,77
User2200,user2200@example.com,68
User2201,user2201@example.com,19
User2202,user2202@example.com,80
User2203,user2203@example.com,18
User2204,user2204@example.com,32
User2205,user2205@example.com,46
User2206,user2206@example.com,40
User2207,user2207@example.com,75
User2208,user2208@example.com,25
User2209,user2209@example.com,71
User2210,user2210@example.com,59
User2211,user2211@example.com,49
User2212,user2212@example.com,64
User2213,user2213@example.com,28
User2214,user2214@example.com,51
User2215,user2215@example.com,79
User2216,user2216@example.com,50
User2217,user2217@example.com,77
User2218,user2218@example.com,42
User2219,user2219@example.com,21
User2220,user2220@example.com,41
User2221,user2221@example.com,48
User2222,user2222@example.com,71
User2223,user2223@example.com,80
User2224,user2224@example.com,56
User2225,user2225@example.com,24
User2226,user2226@example.com,30
User2227,user2227@example.com,28
User2228,user2228@example.com,19
User2229,user2229@example.com,64
User2230,user2230@example.com,49
User2231,user2231@example.com,34
User2232,user2232@example.com,56
User2233,user2233@example.com,47
User2234,user2234@example.com,31
User2235,user2235@example.com,77
User2236,user2236@example.com,22
User2237,user2237@example.com,35
User2238,user2238@example.com,25
User2239,user2239@example.com,35
User2240,user2240@example.com,24
User2241,user2241@example.com,60
User2242,user2242@example.com,51
User2243,user2243@example.com,54
User2244,user2244@example.com,28
User2245,user2245@example.com,76
User2246,user2246@example.com,79
User2247,user2247@example.com,44
User2248,user2248@example.com,24
User2249,user2249@example.com,42
User2250,user2250@example.com,23
User2251,user2251@example.com,55
User2252,user2252@example.com,41
User2253,user2253@example.com,22
User2254,user2254@example.com,77
User2255,user2255@example.com,32
User2256,user2256@example.com,36
User2257,user2257@example.com,39
User2258,user2258@example.com,48
User2259,user2259@example.com,39
User2260,user2260@example.com,49
User2261,user2261@example.com,33
User2262,user2262@example.com,57
User2263,user2263@example.com,36
User2264,user2264@example.com,47
User2265,user2265@example.com,33
User2266,user2266@example.com,43
User2267,user2267@example.com,50
User2268,user2268@example.com,75
User2269,user2269@example.com,38
User2270,user2270@example.com,35
User2271,user2271@example.com,54
User2272,user2272@example.com,18
User2273,user2273@example.com,40
User2274,user2274@example.com,60
User2275,user2275@example.com,40
User2276,user2276@example.com,79
User2277,user2277@example.com,69
User2278,user2278@example.com,43
User2279,user2279@example.com,28
User2280,user2280@example.com,35
User2281,user2281@example.com,26
User2282,user2282@example.com,53
User2283,user2283@example.com,33
User2284,user2284@example.com,49
User2285,user2285@example.com,20
User2286,user2286@example.com,79
User2287,user2287@example.com,37
User2288,user2288@example.com,74
User2289,user2289@example.com,50
User2290,user2290@example.com,76
User2291,user2291@example.com,49
User2292,user2292@example.com,51
User2293,user2293@example.com,22
User2294,user2294@example.com,78
User2295,user2295@example.com,60
User2296,user2296@example.com,19
User2297,user2297@example.com,36
User2298,user2298@example.com,56
User2299,user2299@example.com,52
User2300,user2300@example.com,36
User2301,user2301@example.com,67
User2302,user2302@example.com,41
User2303,user2303@example.com,78
User2304,user2304@example.com,18
User2305,user2305@example.com,21
User2306,user2306@example.com,55
User2307,user2307@example.com,54
User2308,user2308@example.com,31
User2309,user2309@example.com,67
User2310,user2310@example.com,66
User2311,user2311@example.com,53
User2312,user2312@example.com,26
User2313,user2313@example.com,75
User2314,user2314@example.com,74
User2315,user2315@example.com,20
User2316,user2316@example.com,49
User2317,user2317@example.com,72
User2318,user2318@example.com,44
User2319,user2319@example.com,33
User2320,user2320@example.com,46
User2321,user2321@example.com,37
User2322,user2322@example.com,70
User2323,user2323@example.com,63
User2324,user2324@example.com,38
User2325,user2325@example.com,26
User2326,user2326@example.com,53
User2327,user2327@example.com,40
User2328,user2328@example.com,76
User2329,user2329@example.com,74
User2330,user2330@example.com,61
User2331,user2331@example.com,33
User2332,user2332@example.com,73
User2333,user2333@example.com,80
User2334,user2334@example.com,32
User2335,user2335@example.com,55
User2336,user2336@example.com,71
User2337,user2337@example.com,64
User2338,user2338@example.com,63
User2339,user2339@example.com,25
User2340,user2340@example.com,69
User2341,user2341@example.com,64
User2342,user2342@example.com,30
User2343,user2343@example.com,47
User2344,user2344@example.com,60
User2345,user2345@example.com,32
User2346,user2346@example.com,25
User2347,user2347@example.com,53
User2348,user2348@example.com,56
User2349,user2349@example.com,42
User2350,user2350@example.com,44
User2351,user2351@example.com,58
User2352,user2352@example.com,30
User2353,user2353@example.com,52
User2354,user2354@example.com,22
User2355,user2355@example.com,54
User2356,user2356@example.com,32
User2357,user2357@example.com,37
User2358,user2358@example.com,34
User2359,user2359@example.com,68
User2360,user2360@example.com,18
User2361,user2361@example.com,63
User2362,user2362@example.com,37
User2363,user2363@example.com,75
User2364,user2364@example.com,75
User2365,user2365@example.com,73
User2366,user2366@example.com,58
User2367,user2367@example.com,33
User2368,user2368@example.com,58
User2369,user2369@example.com,68
User2370,user2370@example.com,29
User2371,user2371@example.com,18
User2372,user2372@example.com,41
User2373,user2373@example.com,23
User2374,user2374@example.com,25
User2375,user2375@example.com,32
User2376,user2376@example.com,21
User2377,user2377@example.com,72
User2378,user2378@example.com,29
User2379,user2379@example.com,43
User2380,user2380@example.com,65
User2381,user2381@example.com,56
User2382,user2382@example.com,44
User2383,user2383@example.com,72
User2384,user2384@example.com,18
User2385,user2385@example.com,45
User2386,user2386@example.com,22
User2387,user2387@example.com,69
User2388,user2388@example.com,33
User2389,user2389@example.com,19
User2390,user2390@example.com,74
User2391,user2391@example.com,39
User2392,user2392@example.com,32
User2393,user2393@example.com,75
User2394,user2394@example.com,49
User2395,user2395@example.com,25
User2396,user2396@example.com,72
User2397,user2397@example.com,31
User2398,user2398@example.com,73
User2399,user2399@example.com,73
User2400,user2400@example.com,68
User2401,user2401@example.com,27
User2402,user2402@example.com,78
User2403,user2403@example.com,41
User2404,user2404@example.com,75
User2405,user2405@example.com,56
User2406,user2406@example.com,60
User2407,user2407@example.com,19
User2408,user2408@example.com,61
User2409,user2409@example.com,69
User2410,user2410@example.com,75
User2411,user2411@example.com,29
User2412,user2412@example.com,48
User2413,user2413@example.com,27
User2414,user2414@example.com,48
User2415,user2415@example.com,37
User2416,user2416@example.com,55
User2417,user2417@example.com,58
User2418,user2418@example.com,75
User2419,user2419@example.com,55
User2420,user2420@example.com,33
User2421,user2421@example.com,31
User2422,user2422@example.com,61
User2423,user2423@example.com,63
User2424,user2424@example.com,20
User2425,user2425@example.com,75
User2426,user2426@example.com,46
User2427,user2427@example.com,72
User2428,user2428@example.com,59
User2429,user2429@example.com,41
User2430,user2430@example.com,51
User2431,user2431@example.com,25
User2432,user2432@example.com,67
User2433,user2433@example.com,77
User2434,user2434@example.com,76
User2435,user2435@example.com,70
User2436,user2436@example.com,42
User2437,user2437@example.com,21
User2438,user2438@example.com,40
User2439,user2439@example.com,57
User2440,user2440@example.com,80
User2441,user2441@example.com,49
User2442,user2442@example.com,39
User2443,user2443@example.com,31
User2444,user2444@example.com,28
User2445,user2445@example.com,32
User2446,user2446@example.com,72
User2447,user2447@example.com,28
User2448,user2448@example.com,27
User2449,user2449@example.com,57
User2450,user2450@example.com,18
User2451,user2451@example.com,52
User2452,user2452@example.com,19
User2453,user2453@example.com,80
User2454,user2454@example.com,75
User2455,user2455@example.com,60
User2456,user2456@example.com,78
User2457,user2457@example.com,31
User2458,user2458@example.com,70
User2459,user2459@example.com,63
User2460,user2460@example.com,72
User2461,user2461@example.com,79
User2462,user2462@example.com,55
User2463,user2463@example.com,58
User2464,user2464@example.com,42
User2465,user2465@example.com,77
User2466,user2466@example.com,23
User2467,user2467@example.com,74
User2468,user2468@example.com,32
User2469,user2469@example.com,43
User2470,user2470@example.com,33
User2471,user2471@example.com,33
User2472,user2472@example.com,57
User2473,user2473@example.com,23
User2474,user2474@example.com,62
User2475,user2475@example.com,29
User2476,user2476@example.com,36
User2477,user2477@example.com,54
User2478,user2478@example.com,58
User2479,user2479@example.com,49
User2480,user2480@example.com,30
User2481,user2481@example.com,63
User2482,user2482@example.com,19
User2483,user2483@example.com,57
User2484,user2484@example.com,29
User2485,user2485@example.com,58
User2486,user2486@example.com,66
User2487,user2487@example.com,38
User2488,user2488@example.com,65
User2489,user2489@example.com,78
User2490,user2490@example.com,80
User2491,user2491@example.com,49
User2492,user2492@example.com,41
User2493,user2493@example.com,25
User2494,user2494@example.com,58
User2495,user2495@example.com,69
User2496,user2496@example.com,46
User2497,user2497@example.com,62
User2498,user2498@example.com,39
User2499,user2499@example.com,30
User2500,user2500@example.com,52