Article1,0,118
Article2,1,2853
Article3,0,70
Article4,0,1603
Article5,0,845
Article6,1,2998
Article7,0,1010
Article8,1,1043
Article9,0,1463
Article10,0,1639
Article11,0,401
Article12,0,823
Article13,1,588
Article14,0,1414
Article15,0,2685
Article16,0,483
Article17,0,1162
Article18,0,582
Article19,0,280
Article20,0,2252
Article21,0,1773
Article22,0,1292
Article23,0,2964
Article24,0,1124
Article25,0,170
Article26,0,1634
Article27,0,661
Article28,1,181
Article29,0,1833
Article30,0,2918
Article31,0,258
Article32,0,882
Article33,0,1321
Article34,0,908
Article35,0,1346
Article36,0,932
Article37,1,2896
Article38,0,2756
Article39,0,655
Article40,0,1423
Article41,0,2867
Article42,0,429
Article43,1,602
Article44,0,2948
Article45,0,250
Article46,0,1195
Article47,0,2556
Article48,0,2675
Article49,0,2138
Article50,0,103
Article51,0,1798
Article52,0,1236
Article53,0,1057
Article54,0,128
Article55,0,2534
Article56,0,1833
Article57,0,792
Article58,0,745
Article59,0,996
Article60,0,2012
Article61,0,2528
Article62,1,926
Article63,0,1416
Article64,1,1843
Article65,0,1678
Article66,0,1538
Article67,0,2174
Article68,0,2645
Article69,0,1808
Article70,0,2028
Article71,0,1304
Article72,0,955
Article73,0,1963
Article74,0,708
Article75,0,2727
Article76,0,779
Article77,0,1534
Article78,0,1846
Article79,0,1807
Article80,0,2259
Article81,1,734
Article82,0,1786
Article83,0,2936
Article84,0,2407
Article85,0,2356
Article86,0,1371
Article87,0,1404
Article88,0,2449
Article89,0,97
Article90,0,1095
Article91,0,514
Article92,0,514
Article93,0,2408
Article94,0,1745
Article95,0,1765
Article96,0,343
Article97,0,279
Article98,0,426
Article99,0,2369
Article100,1,2698
Article101,0,1621
Article102,0,1303
Article103,0,248
Article104,0,1020
Article105,0,620
Article106,0,2872
Article107,0,2006
Article108,0,2204
Article109,0,2987
Article110,1,2053
Article111,1,826
Article112,0,44
Article113,0,933
Article114,0,135
Article115,0,147
Article116,1,1005
Article117,0,2353
Article118,0,336
Article119,1,2177
Article120,0,1971
Article121,0,1451
Article122,0,1030
Article123,0,1440
Article124,0,1367
Article125,1,442
Article126,0,986
Article127,1,1955
Article128,1,502
Article129,0,20
Article130,0,661
Article131,0,1205
Article132,0,131
Article133,0,2708
Article134,0,870
Article135,0,1267
Article136,0,1049
Article137,0,908
Article138,0,620
Article139,0,896
Article140,0,18
Article141,0,2282
Article142,0,1434
Article143,0,2848
Article144,0,1691
Article145,0,442
Article146,0,1625
Article147,0,2296
Article148,0,130
Article149,0,1746
Article150,0,1247
Article151,0,136
Article152,0,342
Article153,0,2026
Article154,0,1072
Article155,0,119
Article156,0,2113
Article157,0,2733
Article158,0,1409
Article159,0,1220
Article160,1,2873
Article161,0,55
Article162,0,1191
Article163,0,2159
Article164,0,833
Article165,0,365
Article166,0,952
Article167,0,2710
Article168,0,319
Article169,0,1856
Article170,0,1449
Article171,0,835
Article172,0,1841
Article173,1,1660
Article174,0,2109
Article175,0,1134
Article176,0,305
Article177,0,206
Article178,0,376
Article179,0,2932
Article180,0,2007
Article181,0,552
Article182,0,1794
Article183,0,1282
Article184,0,2722
Article185,0,2149
Article186,0,1795
Article187,0,1075
Article188,1,2611
Article189,0,2394
Article190,0,2178
Article191,0,485
Article192,0,1437
Article193,0,169
Article194,0,528
Article195,0,1415
Article196,0,940
Article197,0,2525
Article198,0,977
Article199,0,135
Article200,0,1650
Article201,0,1809
Article202,0,1899
Article203,1,1759
Article204,0,1132
Article205,1,2715
Article206,0,2675
Article207,0,2515
Article208,0,246
Article209,0,2870
Article210,0,226
Article211,0,2343
Article212,0,1918
Article213,0,2678
Article214,0,245
Article215,0,805
Article216,0,2927
Article217,1,7
Article218,0,2460
Article219,0,12
Article220,0,1198
Article221,0,1142
Article222,0,1447
Article223,0,1061
Article224,0,2966
Article225,0,376
Article226,0,1367
Article227,1,2026
Article228,0,1656
Article229,0,998
Article230,0,1211
Article231,0,1401
Article232,0,2127
Article233,0,1306
Article234,0,864
Article235,0,1361
Article236,0,2394
Article237,1,237
Article238,0,259
Article239,0,2401
Article240,0,606
Article241,0,1354
Article242,0,1570
Article243,0,2802
Article244,0,2196
Article245,0,259
Article246,0,2130
Article247,0,751
Article248,0,2208
Article249,1,2544
Article250,0,2742
Article251,0,2961
Article252,0,301
Article253,0,575
Article254,0,1847
Article255,1,2730
Article256,0,1232
Article257,0,474
Article258,0,1228
Article259,0,2291
Article260,0,1685
Article261,0,2093
Article262,0,1102
Article263,0,1843
Article264,0,2582
Article265,0,307
Article266,0,1611
Article267,0,2461
Article268,0,2900
Article269,0,2036
Article270,1,1347
Article271,0,1078
Article272,0,1629
Article273,0,2574
Article274,0,2029
Article275,0,2326
Article276,0,1807
Article277,1,2566
Article278,0,884
Article279,0,593
Article280,0,1574
Article281,0,207
Article282,0,2773
Article283,0,843
Article284,0,819
Article285,0,1719
Article286,0,1624
Article287,0,1228
Article288,1,1298
Article289,0,2595
Article290,0,2894
Article291,0,1759
Article292,0,63
Article293,0,1292
Article294,0,28
Article295,0,216
Article296,0,313
Article297,0,432
Article298,0,1293
Article299,0,1896
Article300,0,1779
Article301,0,1953
Article302,0,2321
Article303,0,881
Article304,0,816
Article305,0,84
Article306,0,2462
Article307,0,2123
Article308,0,655
Article309,0,2223
Article310,0,1853
Article311,0,1478
Article312,0,1191
Article313,0,1670
Article314,0,40
Article315,0,1105
Article316,0,160
Article317,0,1752
Article318,0,1819
Article319,0,1253
Article320,0,352
Article321,0,517
Article322,0,855
Article323,0,649
Article324,0,332
Article325,0,2424
Article326,0,903
Article327,0,869
Article328,0,1216
Article329,0,2049
Article330,0,246
Article331,0,322
Article332,0,655
Article333,1,1629
Article334,0,1130
Article335,0,2815
Article336,1,2881
Article337,0,2699
Article338,0,2420
Article339,0,1424
Article340,0,164
Article341,0,1066
Article342,0,204
Article343,0,1765
Article344,0,1344
Article345,0,555
Article346,0,420
Article347,0,789
Article348,1,2486
Article349,0,1047
Article350,0,956
Article351,0,367
Article352,0,470
Article353,0,169
Article354,0,794
Article355,0,1505
Article356,1,695
Article357,0,476
Article358,0,463
Article359,0,959
Article360,0,2092
Article361,0,1659
Article362,0,141
Article363,0,604
Article364,0,659
Article365,0,2662
Article366,0,998
Article367,0,2372
Article368,0,776
Article369,0,2610
Article370,0,1603
Article371,0,590
Article372,1,2589
Article373,0,1263
Article374,0,728
Article375,0,2084
Article376,0,779
Article377,0,368
Article378,0,1475
Article379,0,2081
Article380,0,2235
Article381,0,2159
Article382,0,2180
Article383,0,2467
Article384,1,2543
Article385,0,846
Article386,0,2785
Article387,0,1101
Article388,0,496
Article389,0,136
Article390,0,569
Article391,0,1404
Article392,0,382
Article393,0,723
Article394,1,2290
Article395,0,1341
Article396,0,1568
Article397,0,336
Article398,0,172
Article399,0,103
Article400,0,2642
Article401,0,2100
Article402,0,2208
Article403,0,1104
Article404,1,2926
Article405,0,1698
Article406,0,291
Article407,0,2140
Article408,0,2344
Article409,0,441
Article410,0,48
Article411,0,2264
Article412,0,504
Article413,0,901
Article414,0,2405
Article415,0,618
Article416,1,2415
Article417,0,1688
Article418,0,2909
Article419,0,1608
Article420,1,1073
Article421,0,774
Article422,0,1053
Article423,0,2506
Article424,0,662
Article425,0,2492
Article426,0,1979
Article427,0,467
Article428,1,377
Article429,0,2814
Article430,0,1175
Article431,0,2067
Article432,0,940
Article433,0,2536
Article434,0,1125
Article435,0,363
Article436,0,194
Article437,0,2235
Article438,0,2145
Article439,0,1627
Article440,0,2518
Article441,1,2499
Article442,1,746
Article443,0,243
Article444,0,129
Article445,0,2744
Article446,0,358
Article447,0,1175
Article448,0,1906
Article449,1,1174
Article450,0,2577
Article451,0,723
Article452,0,1273
Article453,1,1621
Article454,0,1764
Article455,0,1757
Article456,0,2713
Article457,0,267
Article458,0,1315
Article459,0,97
Article460,0,1563
Article461,0,2811
Article462,0,1023
Article463,0,2689
Article464,0,1491
Article465,0,1019
Article466,0,2522
Article467,0,2257
Article468,0,2335
Article469,0,2544
Article470,0,2278
Article471,0,2425
Article472,0,1913
Article473,0,2854
Article474,0,1986
Article475,0,2788
Article476,0,2165
Article477,0,2090
Article478,0,2790
Article479,0,533
Article480,0,1071
Article481,0,1016
Article482,1,1999
Article483,0,2727
Article484,0,2459
Article485,0,2823
Article486,0,2216
Article487,0,181
Article488,0,105
Article489,0,784
Article490,0,2540
Article491,1,407
Article492,0,697
Article493,0,2581
Article494,0,1775
Article495,0,813
Article496,0,2824
Article497,0,61
Article498,0,1983
Article499,1,2537
Article500,0,934
Article501,0,2579
Article502,0,1245
Article503,0,2974
Article504,0,1230
Article505,0,2671
Article506,0,701
Article507,0,2278
Article508,0,2413
Article509,0,2591
Article510,0,1316
Article511,0,2916
Article512,0,2141
Article513,0,1090
Article514,1,2267
Article515,0,426
Article516,0,2630
Article517,0,2505
Article518,0,1058
Article519,1,2674
Article520,1,2769
Article521,1,822
Article522,0,1538
Article523,0,2254
Article524,0,2952
Article525,0,851
Article526,1,2094
Article527,0,11
Article528,0,1212
Article529,0,2738
Article530,0,2915
Article531,0,2910
Article532,1,2739
Article533,0,1046
Article534,0,1867
Article535,0,2744
Article536,1,2106
Article537,0,2584
Article538,1,897
Article539,0,386
Article540,0,156
Article541,0,802
Article542,0,1094
Article543,0,180
Article544,0,550
Article545,0,669
Article546,0,844
Article547,0,524
Article548,0,1903
Article549,0,1887
Article550,0,2110
Article551,0,1888
Article552,0,1009
Article553,0,2321
Article554,0,886
Article555,0,929
Article556,0,1332
Article557,0,1233
Article558,0,1125
Article559,0,352
Article560,0,2106
Article561,0,187
Article562,0,1175
Article563,0,1942
Article564,0,2813
Article565,0,1722
Article566,0,1114
Article567,0,2982
Article568,0,2949
Article569,0,118
Article570,0,2559
Article571,0,714
Article572,1,2620
Article573,0,427
Article574,1,2775
Article575,0,501
Article576,0,590
Article577,0,2588
Article578,0,1603
Article579,0,1218
Article580,0,277
Article581,0,34
Article582,1,756
Article583,0,1273
Article584,0,2907
Article585,0,1691
Article586,0,2604
Article587,0,270
Article588,0,1864
Article589,0,300
Article590,0,1966
Article591,0,499
Article592,0,2647
Article593,0,2843
Article594,0,171
Article595,1,2137
Article596,0,187
Article597,0,110
Article598,0,1754
Article599,0,1931
Article600,0,1007
Article601,0,2544
Article602,1,70
Article603,0,2696
Article604,0,303
Article605,0,2639
Article606,0,503
Article607,1,2111
Article608,0,2772
Article609,0,2219
Article610,0,2490
Article611,0,121
Article612,0,2459
Article613,0,2774
Article614,1,476
Article615,0,244
Article616,0,2235
Article617,0,1472
Article618,0,1336
Article619,0,1442
Article620,0,1850
Article621,0,1847
Article622,0,1873
Article623,0,991
Article624,0,25
Article625,1,1674
Article626,0,2544
Article627,0,1677
Article628,0,2960
Article629,0,858
Article630,0,706
Article631,0,2812
Article632,0,539
Article633,0,1567
Article634,0,2137
Article635,0,293
Article636,0,2659
Article637,0,771
Article638,0,464
Article639,0,531
Article640,0,144
Article641,0,2162
Article642,0,1570
Article643,0,62
Article644,0,2690
Article645,0,296
Article646,0,1908
Article647,0,1997
Article648,0,9
Article649,0,2542
Article650,0,1156
Article651,0,2405
Article652,0,2197
Article653,0,608
Article654,0,1441
Article655,0,2785
Article656,0,84
Article657,0,1908
Article658,0,2200
Article659,0,1429
Article660,0,2346
Article661,0,1632
Article662,0,488
Article663,0,1182
Article664,0,1476
Article665,1,2284
Article666,0,2043
Article667,0,2842
Article668,1,886
Article669,0,2680
Article670,0,1934
Article671,0,1985
Article672,1,1742
Article673,0,2252
Article674,0,496
Article675,0,1785
Article676,0,1973
Article677,0,2061
Article678,0,1240
Article679,0,2943
Article680,0,991
Article681,0,159
Article682,0,8
Article683,0,15
Article684,0,1244
Article685,1,482
Article686,0,1768
Article687,0,2388
Article688,0,282
Article689,0,601
Article690,0,67
Article691,0,745
Article692,0,2707
Article693,0,2747
Article694,1,2890
Article695,0,2109
Article696,0,2413
Article697,0,1307
Article698,0,954
Article699,0,1306
Article700,0,1022
Article701,0,969
Article702,0,2480
Article703,0,2200
Article704,0,2685
Article705,0,1432
Article706,0,2379
Article707,0,1610
Article708,1,344
Article709,0,332
Article710,0,1855
Article711,0,1061
Article712,0,1337
Article713,0,704
Article714,0,802
Article715,0,2763
Article716,0,2107
Article717,0,2186
Article718,0,2442
Article719,0,370
Article720,0,2695
Article721,0,2671
Article722,0,223
Article723,0,1809
Article724,0,1619
Article725,0,947
Article726,1,864
Article727,0,210
Article728,0,1728
Article729,0,156
Article730,0,942
Article731,0,51
Article732,0,2367
Article733,0,1814
Article734,0,2136
Article735,1,2822
Article736,0,2339
Article737,0,51
Article738,0,2198
Article739,1,1967
Article740,0,42
Article741,0,1354
Article742,0,694
Article743,0,1757
Article744,0,88
Article745,0,2752
Article746,0,2770
Article747,0,2170
Article748,0,225
Article749,0,2927
Article750,0,1251
Article751,1,2704
Article752,0,2888
Article753,0,777
Article754,0,653
Article755,0,354
Article756,1,655
Article757,0,1520
Article758,1,2465
Article759,1,1404
Article760,0,1519
Article761,0,1568
Article762,0,2658
Article763,0,737
Article764,0,2606
Article765,1,263
Article766,0,1456
Article767,0,2391
Article768,0,1624
Article769,1,1217
Article770,0,2946
Article771,0,270
Article772,0,1933
Article773,0,7
Article774,0,1128
Article775,0,846
Article776,0,1349
Article777,0,725
Article778,0,2502
Article779,0,1122
Article780,0,874
Article781,0,1979
Article782,0,2407
Article783,0,2019
Article784,0,2678
Article785,1,1383
Article786,0,1381
Article787,0,934
Article788,0,2827
Article789,0,720
Article790,0,673
Article791,0,675
Article792,0,2397
Article793,0,1086
Article794,1,296
Article795,1,2593
Article796,0,402
Article797,0,95
Article798,1,1907
Article799,0,2747
Article800,0,920
Article801,0,2280
Article802,0,822
Article803,0,2680
Article804,0,2545
Article805,0,567
Article806,0,1477
Article807,0,322
Article808,1,636
Article809,1,2342
Article810,0,845
Article811,0,1989
Article812,0,2925
Article813,0,1994
Article814,0,2322
Article815,0,1998
Article816,0,1820
Article817,0,685
Article818,0,1985
Article819,0,1574
Article820,0,520
Article821,0,2688
Article822,0,1365
Article823,0,157
Article824,0,1334
Article825,0,959
Article826,1,1597
Article827,0,1381
Article828,0,454
Article829,0,1869
Article830,0,1483
Article831,0,1615
Article832,0,569
Article833,0,1789
Article834,0,1036
Article835,0,2744
Article836,0,2402
Article837,0,2602
Article838,0,1185
Article839,0,1956
Article840,0,2381
Article841,0,640
Article842,0,2583
Article843,0,1430
Article844,0,2672
Article845,0,1836
Article846,0,2975
Article847,0,1759
Article848,0,2030
Article849,0,1835
Article850,0,2225
Article851,0,1859
Article852,0,2146
Article853,0,295
Article854,1,883
Article855,0,1690
Article856,0,1765
Article857,0,1362
Article858,0,2729
Article859,0,2623
Article860,0,759
Article861,0,590
Article862,1,1567
Article863,0,1454
Article864,0,1601
Article865,0,2843
Article866,0,1340
Article867,0,2168
Article868,0,2695
Article869,0,1751
Article870,0,1807
Article871,1,2053
Article872,0,977
Article873,0,2573
Article874,0,1137
Article875,0,1741
Article876,0,1243
Article877,0,1525
Article878,0,2011
Article879,0,2788
Article880,0,2686
Article881,0,1234
Article882,0,1573
Article883,0,1545
Article884,0,2859
Article885,0,1180
Article886,0,839
Article887,0,1359
Article888,0,496
Article889,1,432
Article890,0,637
Article891,0,2086
Article892,0,501
Article893,0,1969
Article894,0,1989
Article895,0,411
Article896,0,768
Article897,0,1586
Article898,0,1691
Article899,0,801
Article900,0,1049
Article901,0,1685
Article902,0,49
Article903,1,1859
Article904,0,1720
Article905,0,772
Article906,0,1787
Article907,1,2512
Article908,0,477
Article909,0,680
Article910,0,2209
Article911,0,1641
Article912,0,1786
Article913,0,2210
Article914,1,2984
Article915,0,418
Article916,0,192
Article917,0,77
Article918,1,1363
Article919,0,2878
Article920,1,1383
Article921,0,1063
Article922,0,623
Article923,0,2106
Article924,0,874
Article925,0,662
Article926,0,1884
Article927,0,1628
Article928,0,2098
Article929,0,2993
Article930,0,2032
Article931,0,2822
Article932,0,1540
Article933,0,2499
Article934,0,596
Article935,1,1118
Article936,0,2178
Article937,0,1962
Article938,0,2085
Article939,0,2505
Article940,0,1296
Article941,0,189
Article942,0,1700
Article943,0,2603
Article944,0,510
Article945,0,611
Article946,0,606
Article947,0,2199
Article948,0,87
Article949,0,701
Article950,0,1179
Article951,0,2200
Article952,0,645
Article953,0,1393
Article954,0,410
Article955,0,1941
Article956,0,2241
Article957,0,2879
Article958,0,885
Article959,0,1009
Article960,0,2599
Article961,0,2920
Article962,0,2507
Article963,0,61
Article964,0,2994
Article965,0,1409
Article966,0,2788
Article967,0,110
Article968,0,1772
Article969,0,641
Article970,0,2013
Article971,1,461
Article972,0,475
Article973,0,2803
Article974,1,1861
Article975,0,1029
Article976,0,2928
Article977,0,1954
Article978,0,2243
Article979,0,2935
Article980,1,2824
Article981,1,2303
Article982,0,2979
Article983,0,453
Article984,1,394
Article985,0,2349
Article986,0,1098
Article987,0,1398
Article988,0,708
Article989,0,2329
Article990,0,1390
Article991,0,2271
Article992,0,2776
Article993,0,676
Article994,0,773
Article995,0,2187
Article996,0,1004
Article997,0,2218
Article998,0,2326
Article999,0,912
Article1000,0,109
Article1001,0,1558
Article1002,0,1371
Article1003,0,1608
Article1004,0,878
Article1005,0,1509
Article1006,0,2542
Article1007,0,1028
Article1008,0,1908
Article1009,0,2456
Article1010,0,1066
Article1011,0,2147
Article1012,1,58
Article1013,0,2095
Article1014,0,351
Article1015,0,1754
Article1016,0,588
Article1017,0,1871
Article1018,0,2202
Article1019,0,2024
Article1020,0,1725
Article1021,0,1106
Article1022,0,371
Article1023,0,2783
Article1024,0,606
Article1025,0,1649
Article1026,1,1953
Article1027,0,39
Article1028,1,2489
Article1029,0,1684
Article1030,0,1150
Article1031,0,1874
Article1032,1,1222
Article1033,0,1234
Article1034,0,2855
Article1035,0,2851
Article1036,0,1222
Article1037,0,2798
Article1038,0,2213
Article1039,0,2461
Article1040,0,885
Article1041,1,2676
Article1042,0,2073
Article1043,0,1769
Article1044,0,1656
Article1045,0,89
Article1046,0,1445
Article1047,0,553
Article1048,0,2514
Article1049,0,291
Article1050,0,2594
Article1051,0,84
Article1052,1,975
Article1053,0,480
Article1054,0,1791
Article1055,0,2812
Article1056,0,486
Article1057,0,900
Article1058,0,2557
Article1059,0,1330
Article1060,1,169
Article1061,0,1136
Article1062,0,2831
Article1063,0,1919
Article1064,0,858
Article1065,0,2516
Article1066,0,889
Article1067,0,2498
Article1068,0,2827
Article1069,0,663
Article1070,0,1138
Article1071,0,2943
Article1072,0,2943
Article1073,0,2472
Article1074,0,1652
Article1075,1,2330
Article1076,0,162
Article1077,0,401
Article1078,0,2324
Article1079,0,2328
Article1080,0,954
Article1081,0,1059
Article1082,0,1953
Article1083,1,2060
Article1084,0,2001
Article1085,0,1951
Article1086,0,2488
Article1087,0,1113
Article1088,0,2180
Article1089,1,2385
Article1090,0,2512
Article1091,1,1645
Article1092,0,2011
Article1093,0,1959
Article1094,0,936
Article1095,0,307
Article1096,0,2585
Article1097,0,2090
Article1098,1,163
Article1099,0,1659
Article1100,0,2916
Article1101,0,1727
Article1102,0,2050
Article1103,0,251
Article1104,0,231
Article1105,0,2162
Article1106,0,1562
Article1107,0,483
Article1108,0,185
Article1109,0,957
Article1110,0,619
Article1111,0,2669
Article1112,0,494
Article1113,0,822
Article1114,0,1372
Article1115,0,2523
Article1116,0,716
Article1117,0,1349
Article1118,0,756
Article1119,0,2815
Article1120,0,1763
Article1121,0,2895
Article1122,1,1831
Article1123,0,2064
Article1124,0,1012
Article1125,0,1201
Article1126,0,220
Article1127,0,1057
Article1128,0,2337
Article1129,0,2587
Article1130,0,2104
Article1131,0,1334
Article1132,0,1528
Article1133,0,1062
Article1134,0,1154
Article1135,0,2246
Article1136,0,1436
Article1137,0,1766
Article1138,0,2690
Article1139,0,2595
Article1140,0,2998
Article1141,0,2867
Article1142,0,1699
Article1143,0,2638
Article1144,0,420
Article1145,0,2645
Article1146,0,1659
Article1147,0,1082
Article1148,0,986
Article1149,0,2066
Article1150,1,2165
Article1151,0,1208
Article1152,1,2299
Article1153,0,2016
Article1154,0,1978
Article1155,0,1149
Article1156,0,2002
Article1157,0,398
Article1158,0,867
Article1159,0,247
Article1160,0,894
Article1161,0,1738
Article1162,0,2401
Article1163,0,2487
Article1164,0,1423
Article1165,0,295
Article1166,0,2319
Article1167,0,385
Article1168,0,2053
Article1169,0,100
Article1170,0,2148
Article1171,0,1418
Article1172,0,1323
Article1173,0,1574
Article1174,0,2687
Article1175,0,496
Article1176,0,2875
Article1177,0,929
Article1178,0,1983
Article1179,0,2490
Article1180,0,2922
Article1181,0,1885
Article1182,0,2559
Article1183,0,1581
Article1184,0,960
Article1185,0,1030
Article1186,1,605
Article1187,0,993
Article1188,0,2885
Article1189,0,1210
Article1190,0,723
Article1191,0,2025
Article1192,0,626
Article1193,0,501
Article1194,0,710
Article1195,0,1148
Article1196,0,616
Article1197,0,1476
Article1198,0,386
Article1199,0,598
Article1200,0,435
Article1201,0,2314
Article1202,0,1041
Article1203,0,814
Article1204,1,687
Article1205,0,1945
Article1206,0,2184
Article1207,0,2969
Article1208,0,641
Article1209,0,2199
Article1210,0,1126
Article1211,0,2694
Article1212,0,936
Article1213,1,635
Article1214,0,1838
Article1215,0,1591
Article1216,0,332
Article1217,0,2703
Article1218,0,2551
Article1219,0,2945
Article1220,0,2617
Article1221,0,137
Article1222,0,1062
Article1223,0,2482
Article1224,0,2555
Article1225,0,912
Article1226,0,2496
Article1227,0,570
Article1228,0,2179
Article1229,0,2637
Article1230,0,1892
Article1231,0,1130
Article1232,0,2886
Article1233,0,636
Article1234,0,1919
Article1235,0,661
Article1236,0,1770
Article1237,0,891
Article1238,0,1839
Article1239,0,2268
Article1240,0,1589
Article1241,0,2543
Article1242,0,456
Article1243,0,2197
Article1244,0,2299
Article1245,0,1034
Article1246,0,1401
Article1247,0,1304
Article1248,0,1687
Article1249,0,840
Article1250,0,182
Article1251,0,1297
Article1252,0,899
Article1253,0,754
Article1254,1,1662
Article1255,0,537
Article1256,0,1646
Article1257,0,687
Article1258,0,822
Article1259,0,2442
Article1260,0,2793
Article1261,0,711
Article1262,0,2064
Article1263,0,68
Article1264,0,1838
Article1265,0,2121
Article1266,0,2017
Article1267,0,1045
Article1268,0,1669
Article1269,0,2775
Article1270,0,1910
Article1271,0,1690
Article1272,0,2857
Article1273,0,2094
Article1274,0,2982
Article1275,0,2586
Article1276,0,364
Article1277,0,2551
Article1278,0,1687
Article1279,0,1740
Article1280,0,1787
Article1281,0,2039
Article1282,0,1765
Article1283,0,1451
Article1284,0,1514
Article1285,0,1116
Article1286,0,2715
Article1287,1,2310
Article1288,0,2291
Article1289,1,1108
Article1290,0,312
Article1291,0,1269
Article1292,0,337
Article1293,0,45
Article1294,0,1219
Article1295,0,849
Article1296,0,2924
Article1297,0,1417
Article1298,0,616
Article1299,1,954
Article1300,0,660
Article1301,0,1204
Article1302,0,972
Article1303,0,2189
Article1304,0,637
Article1305,0,1417
Article1306,0,2635
Article1307,0,785
Article1308,0,2694
Article1309,0,2394
Article1310,0,1788
Article1311,0,2872
Article1312,0,1629
Article1313,0,328
Article1314,0,2392
Article1315,1,1058
Article1316,0,139
Article1317,0,1579
Article1318,0,243
Article1319,0,1552
Article1320,0,2147
Article1321,0,1331
Article1322,0,2870
Article1323,0,694
Article1324,0,1726
Article1325,0,2292
Article1326,0,2118
Article1327,1,1386
Article1328,1,1205
Article1329,0,2249
Article1330,0,1216
Article1331,0,2978
Article1332,0,1381
Article1333,0,42
Article1334,0,438
Article1335,0,1513
Article1336,0,1630
Article1337,1,25
Article1338,0,2716
Article1339,0,2881
Article1340,0,1284
Article1341,0,1376
Article1342,0,1471
Article1343,0,794
Article1344,0,274
Article1345,0,2925
Article1346,0,1581
Article1347,0,2683
Article1348,0,1489
Article1349,0,363
Article1350,0,509
Article1351,0,2531
Article1352,0,1661
Article1353,0,737
Article1354,0,1504
Article1355,0,2323
Article1356,0,1202
Article1357,0,2338
Article1358,0,1179
Article1359,0,2242
Article1360,0,1988
Article1361,0,1640
Article1362,0,961
Article1363,0,5
Article1364,0,1688
Article1365,0,2967
Article1366,0,380
Article1367,0,1596
Article1368,0,459
Article1369,0,883
Article1370,0,1638
Article1371,0,361
Article1372,0,2204
Article1373,1,2106
Article1374,0,682
Article1375,0,2677
Article1376,1,2339
Article1377,0,1610
Article1378,1,732
Article1379,1,2276
Article1380,0,629
Article1381,0,654
Article1382,0,1079
Article1383,0,994
Article1384,0,1339
Article1385,0,1962
Article1386,0,2120
Article1387,0,682
Article1388,0,1612
Article1389,0,2241
Article1390,0,168
Article1391,1,2561
Article1392,0,1383
Article1393,0,2678
Article1394,0,1427
Article1395,0,993
Article1396,0,1960
Article1397,0,1173
Article1398,1,2174
Article1399,0,2107
Article1400,0,407
Article1401,0,1490
Article1402,0,164
Article1403,0,2843
Article1404,0,1677
Article1405,0,2900
Article1406,0,1105
Article1407,0,2889
Article1408,0,844
Article1409,0,2094
Article1410,0,1934
Article1411,0,1846
Article1412,0,2892
Article1413,0,1720
Article1414,0,2687
Article1415,0,72
Article1416,0,748
Article1417,0,1209
Article1418,0,925
Article1419,0,823
Article1420,1,2743
Article1421,0,1354
Article1422,0,1852
Article1423,0,2696
Article1424,0,2641
Article1425,0,773
Article1426,1,1685
Article1427,0,96
Article1428,0,1755
Article1429,0,2953
Article1430,0,2966
Article1431,0,122
Article1432,0,2640
Article1433,0,2556
Article1434,0,762
Article1435,0,533
Article1436,0,2835
Article1437,0,2920
Article1438,0,447
Article1439,0,318
Article1440,0,2794
Article1441,0,2226
Article1442,0,321
Article1443,0,901
Article1444,0,1793
Article1445,1,2969
Article1446,0,885
Article1447,1,8
Article1448,0,237
Article1449,0,528
Article1450,0,384
Article1451,0,2183
Article1452,0,422
Article1453,0,2288
Article1454,0,1300
Article1455,0,1557
Article1456,1,2008
Article1457,1,291
Article1458,0,2771
Article1459,1,1643
Article1460,0,2555
Article1461,0,2200
Article1462,0,410
Article1463,0,1903
Article1464,0,2848
Article1465,0,1124
Article1466,0,2614
Article1467,0,2696
Article1468,0,612
Article1469,0,275
Article1470,0,2651
Article1471,0,2006
Article1472,0,1646
Article1473,0,593
Article1474,0,2982
Article1475,0,373
Article1476,0,1957
Article1477,0,1285
Article1478,0,2512
Article1479,0,1037
Article1480,0,812
Article1481,0,56
Article1482,0,482
Article1483,0,1332
Article1484,0,813
Article1485,0,1063
Article1486,0,1776
Article1487,0,2610
Article1488,0,2735
Article1489,0,437
Article1490,1,2230
Article1491,0,630
Article1492,0,2942
Article1493,0,1368
Article1494,0,712
Article1495,0,521
Article1496,0,1831
Article1497,0,2243
Article1498,0,102
Article1499,0,510
Article1500,0,2884
Article1501,0,2838
Article1502,0,405
Article1503,0,391
Article1504,0,2530
Article1505,0,1907
Article1506,0,1277
Article1507,0,85
Article1508,0,2892
Article1509,0,325
Article1510,0,2787
Article1511,0,2126
Article1512,0,1485
Article1513,0,595
Article1514,0,2349
Article1515,0,845
Article1516,0,1893
Article1517,0,1914
Article1518,0,2482
Article1519,0,2267
Article1520,0,2908
Article1521,0,1256
Article1522,0,78
Article1523,0,1618
Article1524,0,1956
Article1525,0,723
Article1526,0,200
Article1527,0,322
Article1528,0,2065
Article1529,0,1220
Article1530,0,2616
Article1531,0,1172
Article1532,0,2108
Article1533,1,861
Article1534,0,552
Article1535,0,848
Article1536,0,64
Article1537,0,1283
Article1538,0,2394
Article1539,0,2312
Article1540,0,733
Article1541,0,1585
Article1542,0,2022
Article1543,0,1819
Article1544,0,2932
Article1545,0,739
Article1546,0,2809
Article1547,0,2043
Article1548,0,735
Article1549,0,554
Article1550,0,1296
Article1551,0,1016
Article1552,0,98
Article1553,0,1398
Article1554,0,2321
Article1555,0,309
Article1556,0,1896
Article1557,0,993
Article1558,0,1833
Article1559,0,1801
Article1560,1,317
Article1561,0,2838
Article1562,0,1120
Article1563,0,812
Article1564,0,815
Article1565,0,168
Article1566,0,1799
Article1567,1,1525
Article1568,0,719
Article1569,0,200
Article1570,0,736
Article1571,0,2946
Article1572,0,747
Article1573,0,1356
Article1574,0,2798
Article1575,1,1637
Article1576,1,2439
Article1577,0,471
Article1578,0,684
Article1579,0,1856
Article1580,0,32
Article1581,0,2860
Article1582,0,1916
Article1583,0,2320
Article1584,0,702
Article1585,0,1023
Article1586,0,663
Article1587,0,362
Article1588,0,929
Article1589,0,1153
Article1590,0,594
Article1591,0,2218
Article1592,0,414
Article1593,0,984
Article1594,1,965
Article1595,1,2890
Article1596,0,2267
Article1597,0,1707
Article1598,0,1557
Article1599,0,664
Article1600,0,523
Article1601,0,92
Article1602,0,1504
Article1603,0,1771
Article1604,0,2121
Article1605,0,2475
Article1606,0,2096
Article1607,0,2426
Article1608,0,2908
Article1609,0,1926
Article1610,0,678
Article1611,0,147
Article1612,0,121
Article1613,0,1562
Article1614,1,2893
Article1615,0,365
Article1616,0,2529
Article1617,0,451
Article1618,0,1806
Article1619,0,839
Article1620,1,825
Article1621,1,2447
Article1622,0,1624
Article1623,0,1390
Article1624,0,2559
Article1625,0,1898
Article1626,0,1538
Article1627,0,2887
Article1628,0,736
Article1629,0,1535
Article1630,0,1827
Article1631,1,412
Article1632,1,637
Article1633,0,1184
Article1634,0,1419
Article1635,0,691
Article1636,0,1906
Article1637,0,200
Article1638,0,1152
Article1639,0,2678
Article1640,1,2924
Article1641,0,2143
Article1642,0,113
Article1643,0,773
Article1644,0,96
Article1645,0,1934
Article1646,0,2685
Article1647,0,2297
Article1648,0,37
Article1649,0,834
Article1650,0,2665
Article1651,0,955
Article1652,0,2371
Article1653,0,140
Article1654,0,1801
Article1655,0,995
Article1656,0,738
Article1657,0,1563
Article1658,0,853
Article1659,0,1123
Article1660,0,1762
Article1661,0,584
Article1662,0,520
Article1663,0,2893
Article1664,0,2965
Article1665,1,2945
Article1666,0,1346
Article1667,0,2502
Article1668,0,833
Article1669,0,2310
Article1670,0,2751
Article1671,0,1014
Article1672,0,485
Article1673,1,2841
Article1674,0,362
Article1675,0,1100
Article1676,0,1589
Article1677,0,100
Article1678,0,2069
Article1679,0,1999
Article1680,0,1125
Article1681,0,1732
Article1682,0,1436
Article1683,0,1099
Article1684,0,745
Article1685,0,2056
Article1686,0,2936
Article1687,0,1706
Article1688,0,1163
Article1689,0,1104
Article1690,0,640
Article1691,0,2146
Article1692,0,2629
Article1693,0,152
Article1694,0,1504
Article1695,0,25
Article1696,0,2412
Article1697,0,2135
Article1698,0,1026
Article1699,0,1243
Article1700,0,2534
Article1701,0,864
Article1702,0,1962
Article1703,0,1088
Article1704,1,2633
Article1705,0,2489
Article1706,0,223
Article1707,0,2358
Article1708,1,1824
Article1709,0,1607
Article1710,0,665
Article1711,0,2288
Article1712,0,1899
Article1713,0,2114
Article1714,0,2281
Article1715,0,2440
Article1716,0,1276
Article1717,0,1181
Article1718,0,1268
Article1719,0,2198
Article1720,1,1221
Article1721,0,582
Article1722,0,1212
Article1723,0,75
Article1724,0,1821
Article1725,0,2139
Article1726,0,1249
Article1727,1,1389
Article1728,0,97
Article1729,0,1225
Article1730,1,1660
Article1731,0,567
Article1732,0,812
Article1733,0,143
Article1734,0,2427
Article1735,0,1984
Article1736,0,1893
Article1737,0,590
Article1738,0,450
Article1739,0,286
Article1740,0,1454
Article1741,0,2574
Article1742,1,2308
Article1743,0,2420
Article1744,0,2603
Article1745,0,239
Article1746,1,2202
Article1747,1,891
Article1748,0,162
Article1749,0,1630
Article1750,0,1356
Article1751,0,216
Article1752,0,2216
Article1753,0,1096
Article1754,0,132
Article1755,0,2238
Article1756,0,333
Article1757,0,2568
Article1758,0,2728
Article1759,0,972
Article1760,0,1165
Article1761,0,1499
Article1762,0,1296
Article1763,0,2739
Article1764,0,2942
Article1765,0,2643
Article1766,0,1045
Article1767,0,1490
Article1768,0,779
Article1769,0,747
Article1770,1,1768
Article1771,1,893
Article1772,0,571
Article1773,0,2291
Article1774,1,525
Article1775,0,1725
Article1776,0,2343
Article1777,0,815
Article1778,0,1988
Article1779,0,118
Article1780,0,2750
Article1781,0,10
Article1782,0,2483
Article1783,0,2988
Article1784,0,2439
Article1785,0,1326
Article1786,0,2283
Article1787,0,1201
Article1788,0,1947
Article1789,0,2215
Article1790,0,1325
Article1791,0,1868
Article1792,0,1854
Article1793,0,911
Article1794,0,1957
Article1795,0,1381
Article1796,0,2968
Article1797,0,928
Article1798,0,358
Article1799,1,522
Article1800,0,2457
Article1801,0,2557
Article1802,1,1313
Article1803,0,933
Article1804,0,2808
Article1805,0,2106
Article1806,0,413
Article1807,0,1186
Article1808,0,1964
Article1809,0,202
Article1810,0,1002
Article1811,0,984
Article1812,0,1358
Article1813,0,2933
Article1814,0,1162
Article1815,0,16
Article1816,0,250
Article1817,0,1106
Article1818,0,108
Article1819,0,1593
Article1820,0,830
Article1821,0,2313
Article1822,0,2295
Article1823,0,688
Article1824,0,2096
Article1825,0,779
Article1826,0,1387
Article1827,0,2360
Article1828,0,1080
Article1829,0,1525
Article1830,0,1173
Article1831,0,2620
Article1832,0,1373
Article1833,0,2085
Article1834,0,1265
Article1835,0,1087
Article1836,0,1662
Article1837,0,2274
Article1838,0,829
Article1839,0,2852
Article1840,0,1972
Article1841,0,1749
Article1842,0,471
Article1843,0,2256
Article1844,0,2248
Article1845,0,567
Article1846,0,2816
Article1847,1,1984
Article1848,0,133
Article1849,0,2222
Article1850,0,861
Article1851,0,2697
Article1852,0,1131
Article1853,0,1285
Article1854,0,1487
Article1855,1,1218
Article1856,1,1267
Article1857,0,1986
Article1858,0,2613
Article1859,0,2811
Article1860,1,1784
Article1861,1,50
Article1862,0,1866
Article1863,0,1416
Article1864,0,345
Article1865,0,1281
Article1866,0,2932
Article1867,0,1775
Article1868,0,949
Article1869,0,1005
Article1870,1,691
Article1871,1,931
Article1872,0,2530
Article1873,0,1577
Article1874,0,2551
Article1875,0,1349
Article1876,0,1661
Article1877,0,2173
Article1878,0,2975
Article1879,0,15
Article1880,0,1714
Article1881,0,2521
Article1882,0,982
Article1883,0,2681
Article1884,0,699
Article1885,0,1678
Article1886,0,1366
Article1887,0,922
Article1888,0,1577
Article1889,0,2912
Article1890,0,163
Article1891,0,326
Article1892,0,1510
Article1893,0,886
Article1894,0,1940
Article1895,0,2453
Article1896,1,1427
Article1897,1,2303
Article1898,0,32
Article1899,0,333
Article1900,0,2181
Article1901,0,596
Article1902,1,1184
Article1903,0,1281
Article1904,0,1742
Article1905,0,978
Article1906,0,189
Article1907,0,2566
Article1908,0,1182
Article1909,0,2924
Article1910,0,170
Article1911,0,1772
Article1912,0,264
Article1913,0,1560
Article1914,0,1990
Article1915,0,1227
Article1916,0,608
Article1917,0,1723
Article1918,0,69
Article1919,0,2030
Article1920,0,626
Article1921,0,781
Article1922,0,2391
Article1923,0,1057
Article1924,0,444
Article1925,0,2398
Article1926,0,496
Article1927,0,2895
Article1928,0,381
Article1929,0,2582
Article1930,1,2397
Article1931,0,1130
Article1932,0,1998
Article1933,0,483
Article1934,0,181
Article1935,1,2137
Article1936,0,70
Article1937,0,1121
Article1938,0,2252
Article1939,0,1875
Article1940,0,738
Article1941,0,1869
Article1942,0,957
Article1943,0,2926
Article1944,0,2664
Article1945,0,1881
Article1946,0,2886
Article1947,1,2205
Article1948,0,112
Article1949,0,1373
Article1950,0,683
Article1951,0,374
Article1952,1,1422
Article1953,0,596
Article1954,0,79
Article1955,0,1208
Article1956,0,2719
Article1957,1,756
Article1958,0,916
Article1959,0,1455
Article1960,0,555
Article1961,0,2192
Article1962,0,643
Article1963,0,1639
Article1964,0,384
Article1965,0,2692
Article1966,0,1767
Article1967,1,1814
Article1968,1,2269
Article1969,1,1447
Article1970,0,1324
Article1971,0,1905
Article1972,0,429
Article1973,0,1731
Article1974,0,2055
Article1975,0,316
Article1976,0,946
Article1977,0,1732
Article1978,0,938
Article1979,0,596
Article1980,0,2841
Article1981,0,722
Article1982,0,1234
Article1983,0,232
Article1984,0,953
Article1985,0,2940
Article1986,0,2726
Article1987,0,998
Article1988,0,177
Article1989,0,652
Article1990,1,1010
Article1991,0,1496
Article1992,0,1977
Article1993,0,1279
Article1994,0,1783
Article1995,0,1894
Article1996,0,245
Article1997,0,445
Article1998,0,2653
Article1999,0,1746
Article2000,0,1031
Article2001,1,1531
Article2002,0,1139
Article2003,0,1187
Article2004,0,1492
Article2005,1,362
Article2006,0,1592
Article2007,1,64
Article2008,0,1217
Article2009,0,2285
Article2010,0,346
Article2011,0,1796
Article2012,0,697
Article2013,1,1089
Article2014,0,1778
Article2015,0,2012
Article2016,0,2974
Article2017,0,1256
Article2018,0,205
Article2019,0,2644
Article2020,0,2646
Article2021,0,2408
Article2022,0,396
Article2023,0,1062
Article2024,0,115
Article2025,0,480
Article2026,0,1298
Article2027,0,1394
Article2028,0,2344
Article2029,0,2016
Article2030,0,1140
Article2031,1,1853
Article2032,0,169
Article2033,0,2642
Article2034,0,343
Article2035,0,627
Article2036,0,2738
Article2037,0,586
Article2038,0,1402
Article2039,0,2439
Article2040,0,1084
Article2041,0,85
Article2042,0,2479
Article2043,1,342
Article2044,0,502
Article2045,0,2404
Article2046,0,586
Article2047,0,2663
Article2048,0,1299
Article2049,0,795
Article2050,0,2801
Article2051,1,2715
Article2052,0,1223
Article2053,0,2548
Article2054,0,105
Article2055,0,700
Article2056,0,2192
Article2057,0,1695
Article2058,0,2906
Article2059,0,2348
Article2060,0,1094
Article2061,0,2709
Article2062,0,2791
Article2063,0,1106
Article2064,0,864
Article2065,0,410
Article2066,0,2918
Article2067,1,1886
Article2068,0,2251
Article2069,0,1075
Article2070,0,835
Article2071,0,963
Article2072,0,954
Article2073,1,1247
Article2074,0,777
Article2075,0,528
Article2076,0,68
Article2077,0,2590
Article2078,0,1299
Article2079,1,1415
Article2080,0,2111
Article2081,0,856
Article2082,0,1356
Article2083,0,1896
Article2084,0,245
Article2085,1,2994
Article2086,0,349
Article2087,0,157
Article2088,1,83
Article2089,0,1085
Article2090,0,1568
Article2091,0,1192
Article2092,0,2556
Article2093,0,71
Article2094,0,755
Article2095,0,1757
Article2096,0,2057
Article2097,0,1484
Article2098,0,1173
Article2099,1,2019
Article2100,0,1575
Article2101,0,2480
Article2102,0,510
Article2103,1,589
Article2104,0,1361
Article2105,0,2334
Article2106,0,2145
Article2107,0,2159
Article2108,0,2341
Article2109,0,2646
Article2110,0,811
Article2111,0,835
Article2112,0,274
Article2113,0,408
Article2114,0,619
Article2115,0,1808
Article2116,0,413
Article2117,0,1393
Article2118,0,845
Article2119,0,1483
Article2120,1,54
Article2121,0,2323
Article2122,0,1230
Article2123,0,1026
Article2124,0,583
Article2125,0,1973
Article2126,0,2900
Article2127,1,2918
Article2128,0,186
Article2129,1,1085
Article2130,1,2255
Article2131,0,796
Article2132,0,750
Article2133,0,1075
Article2134,0,2337
Article2135,0,923
Article2136,0,1027
Article2137,0,2613
Article2138,0,2724
Article2139,0,1704
Article2140,0,1926
Article2141,0,1849
Article2142,0,1839
Article2143,0,1024
Article2144,0,1662
Article2145,0,1125
Article2146,0,587
Article2147,0,2176
Article2148,1,2967
Article2149,0,1142
Article2150,1,1668
Article2151,1,2150
Article2152,0,2387
Article2153,0,1166
Article2154,0,1365
Article2155,0,2259
Article2156,0,2313
Article2157,0,2705
Article2158,0,1626
Article2159,0,1185
Article2160,0,2794
Article2161,0,2817
Article2162,0,1845
Article2163,1,1131
Article2164,0,222
Article2165,0,2970
Article2166,0,2590
Article2167,0,1052
Article2168,0,574
Article2169,0,162
Article2170,0,2153
Article2171,0,2398
Article2172,0,2438
Article2173,0,1675
Article2174,0,1172
Article2175,0,250
Article2176,0,2078
Article2177,0,121
Article2178,0,1267
Article2179,0,915
Article2180,0,1172
Article2181,0,1990
Article2182,0,104
Article2183,0,553
Article2184,1,1768
Article2185,1,2870
Article2186,0,1227
Article2187,0,582
Article2188,0,2833
Article2189,0,1958
Article2190,0,1076
Article2191,1,1457
Article2192,0,2519
Article2193,0,1754
Article2194,0,181
Article2195,0,1036
Article2196,0,2259
Article2197,0,202
Article2198,0,2
Article2199,0,2049
Article2200,0,2309
Article2201,0,719
Article2202,1,1022
Article2203,0,2894
Article2204,0,2077
Article2205,0,2738
Article2206,0,2215
Article2207,0,1347
Article2208,0,1132
Article2209,0,2262
Article2210,0,562
Article2211,0,2064
Article2212,0,1790
Article2213,0,2841
Article2214,0,1170
Article2215,0,1014
Article2216,0,1403
Article2217,0,531
Article2218,0,2170
Article2219,0,937
Article2220,0,2804
Article2221,0,1978
Article2222,0,2580
Article2223,0,2095
Article2224,0,156
Article2225,0,2107
Article2226,0,908
Article2227,0,2121
Article2228,0,1694
Article2229,0,402
Article2230,0,2404
Article2231,0,2652
Article2232,0,1513
Article2233,0,604
Article2234,0,751
Article2235,0,1536
Article2236,0,672
Article2237,0,1
Article2238,0,1396
Article2239,0,2485
Article2240,0,1627
Article2241,0,1925
Article2242,0,1619
Article2243,0,1524
Article2244,0,2418
Article2245,0,2493
Article2246,0,863
Article2247,0,2795
Article2248,0,2507
Article2249,0,1294
Article2250,0,1256
Article2251,0,1569
Article2252,0,1197
Article2253,0,1369
Article2254,0,308
Article2255,0,1844
Article2256,0,443
Article2257,0,1290
Article2258,0,2449
Article2259,1,1284
Article2260,0,1925
Article2261,0,1957
Article2262,0,2893
Article2263,1,490
Article2264,1,1194
Article2265,0,2155
Article2266,0,118
Article2267,0,1735
Article2268,0,692
Article2269,0,2734
Article2270,0,1147
Article2271,0,1159
Article2272,0,739
Article2273,0,2840
Article2274,0,1572
Article2275,1,1029
Article2276,0,1690
Article2277,0,612
Article2278,0,2829
Article2279,0,1048
Article2280,0,1963
Article2281,0,161
Article2282,0,2800
Article2283,0,1794
Article2284,0,1828
Article2285,0,1924
Article2286,1,1178
Article2287,0,2270
Article2288,0,306
Article2289,1,2537
Article2290,0,2242
Article2291,0,2085
Article2292,0,2408
Article2293,1,1806
Article2294,0,2760
Article2295,0,835
Article2296,1,274
Article2297,0,2102
Article2298,0,2512
Article2299,0,1396
Article2300,0,1091
Article2301,0,1389
Article2302,0,748
Article2303,0,62
Article2304,0,1381
Article2305,0,1447
Article2306,0,2825
Article2307,0,2993
Article2308,0,1457
Article2309,0,2190
Article2310,0,2104
Article2311,0,650
Article2312,0,2543
Article2313,0,758
Article2314,1,1351
Article2315,0,100
Article2316,0,1644
Article2317,0,1655
Article2318,0,1269
Article2319,0,1033
Article2320,0,1412
Article2321,0,1652
Article2322,0,6
Article2323,0,1752
Article2324,0,2342
Article2325,0,570
Article2326,0,2636
Article2327,0,628
Article2328,0,2201
Article2329,0,2872
Article2330,0,629
Article2331,0,277
Article2332,0,1141
Article2333,0,295
Article2334,0,747
Article2335,1,2849
Article2336,0,2093
Article2337,1,2233
Article2338,0,1825
Article2339,0,2717
Article2340,0,1203
Article2341,0,328
Article2342,0,1938
Article2343,0,2127
Article2344,0,2643
Article2345,0,2438
Article2346,0,68
Article2347,0,806
Article2348,0,1934
Article2349,0,2267
Article2350,0,72
Article2351,0,41
Article2352,0,2666
Article2353,0,355
Article2354,0,2923
Article2355,0,306
Article2356,0,824
Article2357,0,1359
Article2358,0,1137
Article2359,0,2103
Article2360,0,2024
Article2361,0,768
Article2362,0,1504
Article2363,0,420
Article2364,0,1445
Article2365,0,1807
Article2366,0,1311
Article2367,0,2744
Article2368,0,1435
Article2369,0,1369
Article2370,0,353
Article2371,0,624
Article2372,0,316
Article2373,0,1511
Article2374,0,47
Article2375,0,2034
Article2376,0,1590
Article2377,0,2214
Article2378,0,1289
Article2379,0,2686
Article2380,0,2565
Article2381,0,2328
Article2382,1,1495
Article2383,0,2609
Article2384,0,2977
Article2385,0,1635
Article2386,0,999
Article2387,0,467
Article2388,0,1733
Article2389,0,2774
Article2390,0,12
Article2391,0,2797
Article2392,0,600
Article2393,1,1304
Article2394,0,1234
Article2395,0,1714
Article2396,0,2654
Article2397,0,2537
Article2398,0,812
Article2399,1,940
Article2400,0,1671
Article2401,0,2892
Article2402,0,2178
Article2403,1,212
Article2404,0,2473
Article2405,0,2514
Article2406,0,2903
Article2407,1,454
Article2408,0,2371
Article2409,0,2845
Article2410,0,291
Article2411,0,246
Article2412,0,1706
Article2413,0,1754
Article2414,0,1193
Article2415,0,2021
Article2416,0,2376
Article2417,0,2312
Article2418,0,2532
Article2419,0,883
Article2420,0,2842
Article2421,0,478
Article2422,0,57
Article2423,1,1280
Article2424,0,2145
Article2425,1,324
Article2426,0,2351
Article2427,0,2240
Article2428,0,2346
Article2429,0,298
Article2430,0,1643
Article2431,0,160
Article2432,1,2035
Article2433,1,606
Article2434,0,2636
Article2435,1,535
Article2436,1,1559
Article2437,0,484
Article2438,0,129
Article2439,0,235
Article2440,0,3000
Article2441,0,1688
Article2442,0,656
Article2443,0,2676
Article2444,0,1548
Article2445,0,179
Article2446,0,96
Article2447,0,827
Article2448,0,2633
Article2449,0,2356
Article2450,1,986
Article2451,1,2665
Article2452,0,453
Article2453,0,438
Article2454,0,2930
Article2455,0,930
Article2456,0,1432
Article2457,0,2028
Article2458,0,2092
Article2459,0,2493
Article2460,0,2031
Article2461,0,967
Article2462,0,167
Article2463,0,1956
Article2464,0,376
Article2465,0,1903
Article2466,0,518
Article2467,0,2754
Article2468,0,2124
Article2469,0,2403
Article2470,1,804
Article2471,0,1353
Article2472,0,2662
Article2473,0,413
Article2474,0,2806
Article2475,0,283
Article2476,1,491
Article2477,1,920
Article2478,0,1056
Article2479,0,1603
Article2480,0,1059
Article2481,0,2276
Article2482,0,2761
Article2483,1,2089
Article2484,0,1122
Article2485,0,2936
Article2486,0,1889
Article2487,1,1329
Article2488,0,2843
Article2489,0,916
Article2490,0,1139
Article2491,0,1917
Article2492,0,181
Article2493,0,1006
Article2494,1,1936
Article2495,0,746
Article2496,0,703
Article2497,0,1697
Article2498,1,1448
Article2499,0,955
Article2500,0,1763
Article2501,0,1647
Article2502,0,204
Article2503,0,648
Article2504,0,1383
Article2505,0,908
Article2506,0,2427
Article2507,0,2142
Article2508,1,741
Article2509,0,1415
Article2510,1,1163
Article2511,0,968
Article2512,0,2519
Article2513,0,1533
Article2514,0,1696
Article2515,0,1733
Article2516,0,202
Article2517,0,764
Article2518,0,2778
Article2519,0,1411
Article2520,0,2423
Article2521,0,2358
Article2522,0,815
Article2523,0,704
Article2524,0,2798
Article2525,0,2319
Article2526,0,2333
Article2527,0,840
Article2528,0,2577
Article2529,0,1473
Article2530,0,2770
Article2531,0,1678
Article2532,0,2267
Article2533,0,2813
Article2534,1,1769
Article2535,0,1413
Article2536,0,494
Article2537,0,1796
Article2538,0,2157
Article2539,1,2478
Article2540,1,2137
Article2541,0,2365
Article2542,0,2599
Article2543,1,1058
Article2544,0,1067
Article2545,1,1705
Article2546,0,387
Article2547,0,2773
Article2548,0,1225
Article2549,0,1587
Article2550,1,1460
Article2551,0,538
Article2552,0,1313
Article2553,0,109
Article2554,0,1053
Article2555,0,2182
Article2556,0,107
Article2557,0,1140
Article2558,0,2411
Article2559,0,2259
Article2560,1,1803
Article2561,1,1265
Article2562,0,186
Article2563,0,323
Article2564,0,1526
Article2565,0,1897
Article2566,0,2865
Article2567,0,1601
Article2568,0,446
Article2569,0,1982
Article2570,0,1469
Article2571,1,2996
Article2572,0,2524
Article2573,1,145
Article2574,0,2097
Article2575,0,365
Article2576,0,356
Article2577,0,279
Article2578,0,2229
Article2579,0,200
Article2580,0,1489
Article2581,0,1790
Article2582,0,1227
Article2583,0,1826
Article2584,0,1443
Article2585,0,210
Article2586,0,2004
Article2587,0,188
Article2588,0,995
Article2589,0,1887
Article2590,0,718
Article2591,0,2917
Article2592,0,1717
Article2593,0,1157
Article2594,0,361
Article2595,0,1793
Article2596,0,267
Article2597,0,604
Article2598,0,2589
Article2599,0,1490
Article2600,1,587
Article2601,0,2156
Article2602,0,917
Article2603,0,1952
Article2604,0,2563
Article2605,0,1841
Article2606,0,516
Article2607,1,2626
Article2608,0,2278
Article2609,0,1666
Article2610,0,703
Article2611,0,2496
Article2612,0,2665
Article2613,0,1591
Article2614,0,1043
Article2615,0,883
Article2616,0,2084
Article2617,0,968
Article2618,0,2816
Article2619,0,686
Article2620,0,2496
Article2621,0,1607
Article2622,0,39
Article2623,0,2877
Article2624,0,1231
Article2625,1,2819
Article2626,0,1257
Article2627,0,1927
Article2628,0,422
Article2629,1,485
Article2630,0,1456
Article2631,0,2177
Article2632,0,2931
Article2633,0,1693
Article2634,0,1298
Article2635,0,527
Article2636,0,2864
Article2637,0,1787
Article2638,0,2345
Article2639,0,688
Article2640,1,398
Article2641,1,1249
Article2642,1,1222
Article2643,0,2152
Article2644,1,2113
Article2645,1,1243
Article2646,0,2732
Article2647,0,2145
Article2648,0,2422
Article2649,0,1371
Article2650,0,1618
Article2651,0,1038
Article2652,0,2739
Article2653,0,2173
Article2654,1,523
Article2655,0,2733
Article2656,0,601
Article2657,0,1301
Article2658,0,1994
Article2659,0,2375
Article2660,0,1533
Article2661,0,654
Article2662,0,827
Article2663,0,709
Article2664,0,2641
Article2665,0,2607
Article2666,0,754
Article2667,0,2231
Article2668,0,2277
Article2669,0,2808
Article2670,0,1920
Article2671,0,2335
Article2672,0,1234
Article2673,0,608
Article2674,0,2293
Article2675,0,2535
Article2676,0,1996
Article2677,1,347
Article2678,0,2664
Article2679,0,2415
Article2680,0,2197
Article2681,0,1392
Article2682,0,2778
Article2683,0,1744
Article2684,0,150
Article2685,0,1589
Article2686,1,1127
Article2687,0,2018
Article2688,0,2218
Article2689,0,1582
Article2690,0,1716
Article2691,0,1891
Article2692,1,1009
Article2693,0,2341
Article2694,0,682
Article2695,0,1551
Article2696,0,405
Article2697,0,1648
Article2698,1,2369
Article2699,0,2044
Article2700,0,133
Article2701,0,5
Article2702,0,202
Article2703,0,1635
Article2704,0,2797
Article2705,0,1896
Article2706,0,2062
Article2707,0,2978
Article2708,0,1810
Article2709,0,877
Article2710,0,2474
Article2711,0,86
Article2712,0,1530
Article2713,0,919
Article2714,0,2349
Article2715,0,412
Article2716,0,52
Article2717,0,1886
Article2718,0,1576
Article2719,0,284
Article2720,0,1475
Article2721,1,2298
Article2722,0,116
Article2723,0,619
Article2724,0,732
Article2725,0,2984
Article2726,0,2260
Article2727,0,1401
Article2728,0,1107
Article2729,0,551
Article2730,0,226
Article2731,0,1219
Article2732,0,1417
Article2733,0,725
Article2734,0,2808
Article2735,1,2013
Article2736,0,1979
Article2737,0,2737
Article2738,0,1547
Article2739,1,2108
Article2740,0,2070
Article2741,1,255
Article2742,1,1064
Article2743,1,1392
Article2744,0,1074
Article2745,0,2190
Article2746,0,559
Article2747,0,1833
Article2748,0,1080
Article2749,0,2224
Article2750,0,1983
Article2751,0,1726
Article2752,0,2139
Article2753,1,2974
Article2754,0,2417
Article2755,0,1759
Article2756,0,2361
Article2757,0,1323
Article2758,1,1242
Article2759,0,1840
Article2760,0,2190
Article2761,0,1640
Article2762,0,1972
Article2763,0,585
Article2764,0,1804
Article2765,0,581
Article2766,0,1336
Article2767,0,56
Article2768,0,2179
Article2769,1,368
Article2770,0,2434
Article2771,0,2851
Article2772,0,1836
Article2773,0,1562
Article2774,0,2916
Article2775,0,233
Article2776,1,2273
Article2777,0,952
Article2778,1,1339
Article2779,0,1854
Article2780,0,89
Article2781,0,1930
Article2782,0,2611
Article2783,0,1127
Article2784,0,1604
Article2785,0,661
Article2786,0,815
Article2787,0,1857
Article2788,0,1472
Article2789,0,1090
Article2790,0,1298
Article2791,0,2549
Article2792,0,1415
Article2793,0,1904
Article2794,1,2894
Article2795,0,407
Article2796,0,2305
Article2797,0,2301
Article2798,0,871
Article2799,0,1704
Article2800,0,1969
Article2801,0,2793
Article2802,0,782
Article2803,0,1071
Article2804,0,1100
Article2805,0,2954
Article2806,0,1868
Article2807,0,544
Article2808,1,1809
Article2809,0,796
Article2810,0,673
Article2811,0,1535
Article2812,0,482
Article2813,0,13
Article2814,1,2827
Article2815,0,2528
Article2816,0,2143
Article2817,1,2599
Article2818,0,1493
Article2819,0,97
Article2820,0,279
Article2821,0,2062
Article2822,0,624
Article2823,0,109
Article2824,0,1972
Article2825,0,2376
Article2826,0,2701
Article2827,0,1297
Article2828,0,1265
Article2829,0,927
Article2830,0,165
Article2831,0,2873
Article2832,0,2627
Article2833,0,1690
Article2834,0,1043
Article2835,1,1788
Article2836,0,1169
Article2837,0,2830
Article2838,1,2269
Article2839,0,331
Article2840,0,743
Article2841,0,2254
Article2842,1,911
Article2843,0,2696
Article2844,0,750
Article2845,0,385
Article2846,0,143
Article2847,0,2868
Article2848,0,245
Article2849,0,401
Article2850,0,1176
Article2851,0,2395
Article2852,0,470
Article2853,0,1684
Article2854,0,549
Article2855,0,87
Article2856,0,2308
Article2857,0,2105
Article2858,1,894
Article2859,0,185
Article2860,1,1438
Article2861,0,1689
Article2862,0,2560
Article2863,0,207
Article2864,0,1325
Article2865,1,1126
Article2866,0,964
Article2867,0,425
Article2868,1,133
Article2869,0,1983
Article2870,0,1958
Article2871,0,1975
Article2872,0,840
Article2873,0,2703
Article2874,0,419
Article2875,0,1641
Article2876,0,91
Article2877,1,1876
Article2878,0,262
Article2879,0,2276
Article2880,1,612
Article2881,0,1413
Article2882,0,123
Article2883,0,480
Article2884,0,2279
Article2885,0,381
Article2886,0,1585
Article2887,0,1077
Article2888,0,1831
Article2889,1,2644
Article2890,0,2256
Article2891,0,1075
Article2892,0,870
Article2893,0,648
Article2894,0,381
Article2895,0,1415
Article2896,1,1839
Article2897,0,638
Article2898,0,1945
Article2899,1,2274
Article2900,0,2743
Article2901,0,2856
Article2902,0,1705
Article2903,0,2146
Article2904,0,49
Article2905,0,660
Article2906,0,1265
Article2907,0,304
Article2908,0,460
Article2909,0,9
Article2910,0,1512
Article2911,0,1188
Article2912,0,1632
Article2913,0,2067
Article2914,0,356
Article2915,0,23
Article2916,0,1561
Article2917,0,741
Article2918,1,1856
Article2919,1,2742
Article2920,0,2260
Article2921,0,208
Article2922,0,2337
Article2923,0,403
Article2924,0,429
Article2925,0,1483
Article2926,0,1367
Article2927,0,2966
Article2928,0,220
Article2929,0,2942
Article2930,0,2146
Article2931,0,2124
Article2932,0,758
Article2933,0,506
Article2934,0,782
Article2935,1,1225
Article2936,1,550
Article2937,0,1810
Article2938,0,2986
Article2939,0,257
Article2940,0,1962
Article2941,0,646
Article2942,0,162
Article2943,1,2334
Article2944,0,2535
Article2945,0,772
Article2946,0,1154
Article2947,0,127
Article2948,0,1110
Article2949,1,2340
Article2950,0,1348
Article2951,0,1652
Article2952,0,1394
Article2953,0,1057
Article2954,0,1435
Article2955,0,275
Article2956,0,2402
Article2957,0,1624
Article2958,0,2094
Article2959,0,1923
Article2960,0,349
Article2961,0,2920
Article2962,0,3
Article2963,0,1198
Article2964,0,487
Article2965,0,2666
Article2966,0,379
Article2967,0,2338
Article2968,1,2420
Article2969,0,2287
Article2970,0,1252
Article2971,0,1023
Article2972,0,2642
Article2973,0,1303
Article2974,0,874
Article2975,0,1140
Article2976,0,197
Article2977,0,240
Article2978,0,2889
Article2979,0,2075
Article2980,0,2879
Article2981,0,1576
Article2982,0,23
Article2983,0,641
Article2984,1,1292
Article2985,0,2275
Article2986,0,718
Article2987,0,2822
Article2988,0,208
Article2989,0,2795
Article2990,0,2487
Article2991,0,602
Article2992,0,1127
Article2993,0,618
Article2994,0,1068
Article2995,0,1753
Article2996,0,2781
Article2997,0,993
Article2998,0,475
Article2999,0,2301
Article3000,0,2809
Article3001,0,2999
Article3002,0,1834
Article3003,0,2946
Article3004,0,1369
Article3005,0,1696
Article3006,0,387
Article3007,0,605
Article3008,0,1440
Article3009,0,2019
Article3010,0,2182
Article3011,0,2228
Article3012,0,2832
Article3013,0,1929
Article3014,1,2628
Article3015,0,2251
Article3016,0,2444
Article3017,0,729
Article3018,0,1900
Article3019,0,502
Article3020,0,1397
Article3021,1,935
Article3022,0,1212
Article3023,0,804
Article3024,1,1871
Article3025,0,547
Article3026,0,1450
Article3027,0,1346
Article3028,0,2181
Article3029,0,2924
Article3030,0,1983
Article3031,1,1194
Article3032,0,2660
Article3033,0,1452
Article3034,0,242
Article3035,0,1706
Article3036,0,1365
Article3037,0,2738
Article3038,0,2416
Article3039,0,337
Article3040,0,1822
Article3041,0,733
Article3042,0,2207
Article3043,0,2036
Article3044,0,995
Article3045,0,2743
Article3046,0,1401
Article3047,0,2474
Article3048,0,223
Article3049,0,1461
Article3050,0,193
Article3051,0,220
Article3052,0,2670
Article3053,0,559
Article3054,0,624
Article3055,0,1213
Article3056,0,1391
Article3057,1,2330
Article3058,1,572
Article3059,0,1988
Article3060,0,502
Article3061,0,1127
Article3062,0,68
Article3063,0,653
Article3064,0,443
Article3065,0,2088
Article3066,0,2067
Article3067,0,661
Article3068,0,2649
Article3069,0,2247
Article3070,0,1455
Article3071,1,1834
Article3072,0,2554
Article3073,0,2889
Article3074,0,2461
Article3075,0,88
Article3076,0,2554
Article3077,0,2394
Article3078,0,2715
Article3079,0,693
Article3080,0,2923
Article3081,0,773
Article3082,0,1594
Article3083,0,1064
Article3084,0,1656
Article3085,0,415
Article3086,0,525
Article3087,0,1130
Article3088,0,2368
Article3089,0,2298
Article3090,0,2340
Article3091,0,2631
Article3092,0,1628
Article3093,0,90
Article3094,0,1853
Article3095,1,1432
Article3096,0,806
Article3097,0,784
Article3098,1,592
Article3099,0,1015
Article3100,0,2754
Article3101,1,985
Article3102,0,639
Article3103,0,1256
Article3104,0,167
Article3105,0,2756
Article3106,0,2017
Article3107,0,193
Article3108,0,1297
Article3109,0,2988
Article3110,0,785
Article3111,0,2761
Article3112,1,853
Article3113,0,2683
Article3114,0,423
Article3115,0,1351
Article3116,0,190
Article3117,0,970
Article3118,0,2049
Article3119,0,1169
Article3120,0,151
Article3121,0,2182
Article3122,0,732
Article3123,0,840
Article3124,0,792
Article3125,0,1014
Article3126,0,2872
Article3127,0,663
Article3128,0,2803
Article3129,0,743
Article3130,0,153
Article3131,0,1768
Article3132,0,1370
Article3133,0,1482
Article3134,0,195
Article3135,0,1607
Article3136,1,2868
Article3137,0,1308
Article3138,0,1913
Article3139,0,1236
Article3140,0,2591
Article3141,0,839
Article3142,0,2899
Article3143,0,1912
Article3144,0,191
Article3145,0,1377
Article3146,0,1226
Article3147,1,478
Article3148,0,610
Article3149,0,27
Article3150,0,2497
Article3151,0,2402
Article3152,1,769
Article3153,0,1833
Article3154,0,1635
Article3155,0,277
Article3156,0,2107
Article3157,1,1035
Article3158,0,1162
Article3159,1,576
Article3160,0,2849
Article3161,0,2615
Article3162,1,2139
Article3163,0,24
Article3164,0,19
Article3165,0,2816
Article3166,0,618
Article3167,0,2152
Article3168,0,526
Article3169,0,1093
Article3170,0,142
Article3171,0,984
Article3172,0,603
Article3173,0,1266
Article3174,0,474
Article3175,0,2601
Article3176,0,300
Article3177,0,786
Article3178,0,2389
Article3179,0,525
Article3180,0,631
Article3181,0,1368
Article3182,0,1061
Article3183,0,1096
Article3184,0,2002
Article3185,0,1657
Article3186,0,1969
Article3187,0,1145
Article3188,0,2493
Article3189,0,24
Article3190,0,963
Article3191,0,1228
Article3192,0,1387
Article3193,0,1712
Article3194,0,1102
Article3195,0,2449
Article3196,0,921
Article3197,0,2016
Article3198,0,2683
Article3199,0,808
Article3200,0,451
Article3201,0,1198
Article3202,0,1793
Article3203,0,2706
Article3204,1,1027
Article3205,0,1693
Article3206,0,2578
Article3207,1,1771
Article3208,0,1116
Article3209,0,1178
Article3210,0,83
Article3211,0,274
Article3212,0,968
Article3213,0,1598
Article3214,0,799
Article3215,0,2814
Article3216,0,1920
Article3217,0,369
Article3218,1,1446
Article3219,0,2979
Article3220,0,136
Article3221,0,1301
Article3222,0,233
Article3223,0,859
Article3224,0,849
Article3225,0,1079
Article3226,0,624
Article3227,0,822
Article3228,0,1855
Article3229,0,1865
Article3230,0,158
Article3231,1,484
Article3232,0,926
Article3233,0,974
Article3234,0,1758
Article3235,0,414
Article3236,0,2129
Article3237,0,944
Article3238,0,583
Article3239,1,2545
Article3240,0,43
Article3241,0,953
Article3242,0,1747
Article3243,0,1518
Article3244,0,622
Article3245,0,139
Article3246,0,714
Article3247,0,2290
Article3248,0,2275
Article3249,0,2142
Article3250,0,1958
Article3251,0,2964
Article3252,0,680
Article3253,0,668
Article3254,0,857
Article3255,0,1414
Article3256,1,1615
Article3257,1,1018
Article3258,0,2611
Article3259,0,36
Article3260,0,160
Article3261,0,1097
Article3262,0,1255
Article3263,0,923
Article3264,0,75
Article3265,0,2768
Article3266,0,2116
Article3267,0,162
Article3268,0,1113
Article3269,0,386
Article3270,0,270
Article3271,0,1349
Article3272,0,2733
Article3273,0,287
Article3274,0,612
Article3275,0,2829
Article3276,0,929
Article3277,0,1097
Article3278,0,2004
Article3279,0,411
Article3280,0,1971
Article3281,0,349
Article3282,0,2511
Article3283,0,2045
Article3284,0,874
Article3285,0,1704
Article3286,1,569
Article3287,0,2907
Article3288,1,1759
Article3289,0,2968
Article3290,0,796
Article3291,0,2550
Article3292,0,2131
Article3293,0,2980
Article3294,0,570
Article3295,0,185
Article3296,0,2942
Article3297,0,2853
Article3298,0,16
Article3299,0,1598
Article3300,0,967
Article3301,0,465
Article3302,0,99
Article3303,0,2656
Article3304,0,745
Article3305,0,978
Article3306,0,1323
Article3307,0,2121
Article3308,0,2788
Article3309,0,278
Article3310,0,198
Article3311,0,1544
Article3312,0,2673
Article3313,0,2319
Article3314,0,79
Article3315,0,1385
Article3316,0,656
Article3317,0,1781
Article3318,0,2989
Article3319,0,811
Article3320,1,1805
Article3321,0,2418
Article3322,1,1440
Article3323,0,268
Article3324,0,1092
Article3325,0,1961
Article3326,0,865
Article3327,0,2302
Article3328,1,2560
Article3329,0,1202
Article3330,0,1090
Article3331,0,2264
Article3332,0,2858
Article3333,0,2954
Article3334,0,26
Article3335,0,2253
Article3336,0,1233
Article3337,0,2039
Article3338,0,1996
Article3339,0,1374
Article3340,0,97
Article3341,0,389
Article3342,0,1079
Article3343,0,2490
Article3344,0,2330
Article3345,0,659
Article3346,1,2616
Article3347,0,562
Article3348,0,2923
Article3349,0,1258
Article3350,0,662
Article3351,0,2903
Article3352,0,2134
Article3353,0,2159
Article3354,0,1441
Article3355,0,2685
Article3356,0,2401
Article3357,0,1077
Article3358,0,472
Article3359,0,166
Article3360,0,2595
Article3361,0,2636
Article3362,0,484
Article3363,0,234
Article3364,0,2105
Article3365,0,774
Article3366,0,440
Article3367,0,2685
Article3368,0,1762
Article3369,0,2030
Article3370,0,233
Article3371,0,2655
Article3372,0,1171
Article3373,0,2533
Article3374,0,448
Article3375,0,1753
Article3376,0,2606
Article3377,0,2396
Article3378,0,2120
Article3379,0,2342
Article3380,0,269
Article3381,0,1209
Article3382,0,1158
Article3383,0,1401
Article3384,0,950
Article3385,1,353
Article3386,0,1171
Article3387,0,1991
Article3388,0,644
Article3389,0,375
Article3390,0,899
Article3391,0,1039
Article3392,0,2176
Article3393,0,2145
Article3394,0,2228
Article3395,0,1382
Article3396,0,1311
Article3397,1,338
Article3398,0,761
Article3399,0,2498
Article3400,0,600
Article3401,0,1121
Article3402,1,2312
Article3403,0,1091
Article3404,0,337
Article3405,0,1384
Article3406,0,566
Article3407,0,944
Article3408,0,732
Article3409,0,2958
Article3410,0,803
Article3411,0,1379
Article3412,0,31
Article3413,0,1770
Article3414,0,2391
Article3415,0,1496
Article3416,0,691
Article3417,0,2559
Article3418,0,664
Article3419,1,2592
Article3420,0,2321
Article3421,0,1953
Article3422,0,1294
Article3423,0,1184
Article3424,0,217
Article3425,0,1141
Article3426,0,318
Article3427,1,776
Article3428,0,1372
Article3429,0,2472
Article3430,1,594
Article3431,0,1658
Article3432,0,903
Article3433,0,2194
Article3434,0,2739
Article3435,0,340
Article3436,0,2718
Article3437,1,1369
Article3438,0,2976
Article3439,0,349
Article3440,0,1925
Article3441,1,832
Article3442,0,1229
Article3443,1,2513
Article3444,1,1105
Article3445,1,2734
Article3446,0,2110
Article3447,0,2483
Article3448,0,2177
Article3449,0,575
Article3450,0,2144
Article3451,1,1257
Article3452,0,2051
Article3453,0,1262
Article3454,0,2044
Article3455,0,1540
Article3456,1,997
Article3457,0,1699
Article3458,0,1252
Article3459,0,629
Article3460,0,1587
Article3461,0,785
Article3462,1,1164
Article3463,1,1426
Article3464,0,2494
Article3465,1,2113
Article3466,0,2545
Article3467,0,1013
Article3468,0,1725
Article3469,1,822
Article3470,0,87
Article3471,0,606
Article3472,1,2124
Article3473,0,753
Article3474,0,1389
Article3475,0,503
Article3476,0,2782
Article3477,0,2052
Article3478,1,2072
Article3479,0,2014
Article3480,0,1622
Article3481,0,2224
Article3482,0,1430
Article3483,0,1083
Article3484,0,1684
Article3485,0,2403
Article3486,0,149
Article3487,1,572
Article3488,0,2493
Article3489,0,2343
Article3490,0,2309
Article3491,0,101
Article3492,0,2251
Article3493,0,2768
Article3494,0,341
Article3495,0,183
Article3496,0,2799
Article3497,0,2230
Article3498,0,1236
Article3499,0,286
Article3500,1,2236
Article3501,0,187
Article3502,0,523
Article3503,0,2978
Article3504,0,1138
Article3505,0,2952
Article3506,0,2022
Article3507,0,233
Article3508,0,1132
Article3509,0,2154
Article3510,0,228
Article3511,0,1603
Article3512,0,1878
Article3513,0,2056
Article3514,0,2737
Article3515,1,1161
Article3516,0,808
Article3517,0,1765
Article3518,0,673
Article3519,0,2350
Article3520,0,176
Article3521,0,529
Article3522,0,514
Article3523,1,2109
Article3524,0,2792
Article3525,0,1162
Article3526,0,1223
Article3527,0,404
Article3528,0,2543
Article3529,1,627
Article3530,0,403
Article3531,0,2733
Article3532,0,488
Article3533,0,2362
Article3534,0,633
Article3535,0,1890
Article3536,0,247
Article3537,0,2985
Article3538,0,2050
Article3539,0,625
Article3540,0,2069
Article3541,0,472
Article3542,0,2942
Article3543,0,2173
Article3544,0,674
Article3545,0,66
Article3546,0,2151
Article3547,0,2838
Article3548,0,1168
Article3549,0,530
Article3550,0,208
Article3551,0,670
Article3552,0,2790
Article3553,0,1749
Article3554,0,1335
Article3555,0,1027
Article3556,0,2107
Article3557,0,2285
Article3558,0,1408
Article3559,0,2201
Article3560,0,2447
Article3561,0,2761
Article3562,0,2473
Article3563,0,1104
Article3564,0,596
Article3565,0,2254
Article3566,0,83
Article3567,0,2274
Article3568,0,636
Article3569,0,1763
Article3570,0,2581
Article3571,0,1414
Article3572,0,720
Article3573,1,2494
Article3574,0,2092
Article3575,0,1078
Article3576,0,2548
Article3577,0,2961
Article3578,0,2604
Article3579,0,536
Article3580,0,222
Article3581,0,1885
Article3582,0,1537
Article3583,0,2918
Article3584,0,2963
Article3585,0,121
Article3586,0,936
Article3587,0,753
Article3588,0,308
Article3589,0,469
Article3590,0,2132
Article3591,1,2942
Article3592,0,1112
Article3593,1,1731
Article3594,0,1973
Article3595,0,1892
Article3596,0,2420
Article3597,1,1972
Article3598,0,663
Article3599,0,368
Article3600,0,1031
Article3601,0,2313
Article3602,0,1456
Article3603,0,2844
Article3604,0,859
Article3605,0,2360
Article3606,0,1382
Article3607,0,1792
Article3608,0,2905
Article3609,0,1259
Article3610,0,656
Article3611,0,183
Article3612,0,1262
Article3613,0,794
Article3614,0,2538
Article3615,0,2642
Article3616,0,1203
Article3617,0,711
Article3618,0,2586
Article3619,0,448
Article3620,0,2371
Article3621,0,197
Article3622,0,2245
Article3623,0,1781
Article3624,0,864
Article3625,0,18
Article3626,0,587
Article3627,0,1711
Article3628,0,1641
Article3629,0,172
Article3630,0,2477
Article3631,0,2456
Article3632,1,1434
Article3633,1,1185
Article3634,1,2486
Article3635,0,1458
Article3636,0,2823
Article3637,0,1801
Article3638,0,2029
Article3639,0,1490
Article3640,0,2241
Article3641,1,2915
Article3642,0,1515
Article3643,1,2004
Article3644,1,2131
Article3645,0,1066
Article3646,0,1579
Article3647,1,694
Article3648,0,590
Article3649,1,2125
Article3650,0,231
Article3651,0,1950
Article3652,0,747
Article3653,0,2217
Article3654,0,1186
Article3655,0,267
Article3656,0,1402
Article3657,0,1694
Article3658,0,427
Article3659,1,321
Article3660,0,1891
Article3661,0,383
Article3662,0,42
Article3663,0,1477
Article3664,0,1007
Article3665,1,2131
Article3666,0,1890
Article3667,0,2236
Article3668,1,1616
Article3669,0,413
Article3670,0,92
Article3671,0,1363
Article3672,0,1028
Article3673,0,1719
Article3674,0,734
Article3675,0,1115
Article3676,0,1612
Article3677,0,1023
Article3678,0,1367
Article3679,0,1912
Article3680,0,2995
Article3681,1,1967
Article3682,0,865
Article3683,1,1679
Article3684,0,1616
Article3685,0,1663
Article3686,0,2204
Article3687,1,1491
Article3688,0,1117
Article3689,0,2921
Article3690,0,490
Article3691,0,2005
Article3692,0,2569
Article3693,0,2412
Article3694,0,1543
Article3695,0,1631
Article3696,1,1896
Article3697,1,1891
Article3698,0,303
Article3699,0,2027
Article3700,0,336
Article3701,1,1389
Article3702,0,2202
Article3703,0,2173
Article3704,0,1143
Article3705,0,751
Article3706,0,476
Article3707,0,845
Article3708,1,1320
Article3709,1,206
Article3710,0,781
Article3711,0,2972
Article3712,0,2928
Article3713,0,1949
Article3714,0,794
Article3715,0,2155
Article3716,0,975
Article3717,1,2714
Article3718,1,2260
Article3719,0,1419
Article3720,0,1490
Article3721,0,1473
Article3722,0,2914
Article3723,1,605
Article3724,0,604
Article3725,0,418
Article3726,0,2155
Article3727,1,1376
Article3728,0,1794
Article3729,0,1397
Article3730,0,1321
Article3731,0,1933
Article3732,0,1346
Article3733,0,2870
Article3734,0,1882
Article3735,0,2646
Article3736,0,2644
Article3737,0,127
Article3738,0,2525
Article3739,1,2282
Article3740,0,1147
Article3741,0,1325
Article3742,0,1004
Article3743,0,1530
Article3744,0,1297
Article3745,0,840
Article3746,1,2994
Article3747,0,1793
Article3748,0,1295
Article3749,0,2380
Article3750,0,813
Article3751,0,2832
Article3752,0,1922
Article3753,0,1126
Article3754,0,1542
Article3755,0,2560
Article3756,0,1480
Article3757,0,577
Article3758,1,1700
Article3759,1,2251
Article3760,0,2098
Article3761,0,2416
Article3762,0,2243
Article3763,0,684
Article3764,0,186
Article3765,1,2057
Article3766,0,928
Article3767,0,85
Article3768,0,1378
Article3769,0,2741
Article3770,1,1759
Article3771,0,2908
Article3772,1,1549
Article3773,0,2675
Article3774,0,1434
Article3775,0,2030
Article3776,0,2959
Article3777,0,1261
Article3778,0,451
Article3779,0,1488
Article3780,0,2637
Article3781,0,189
Article3782,0,902
Article3783,1,2109
Article3784,0,1524
Article3785,0,1146
Article3786,1,1468
Article3787,0,1682
Article3788,0,2480
Article3789,0,1926
Article3790,0,1188
Article3791,0,1418
Article3792,0,2383
Article3793,0,1880
Article3794,0,1152
Article3795,0,1679
Article3796,0,1786
Article3797,0,47
Article3798,0,1385
Article3799,0,297
Article3800,0,2841
Article3801,0,207
Article3802,0,2016
Article3803,0,2449
Article3804,0,455
Article3805,0,2758
Article3806,0,544
Article3807,0,26
Article3808,0,2813
Article3809,1,1813
Article3810,1,340
Article3811,0,2653
Article3812,0,2663
Article3813,0,1709
Article3814,0,2849
Article3815,0,674
Article3816,1,2339
Article3817,0,449
Article3818,0,2798
Article3819,0,1817
Article3820,1,686
Article3821,0,921
Article3822,0,59
Article3823,0,2081
Article3824,1,2400
Article3825,0,2504
Article3826,0,1743
Article3827,0,295
Article3828,1,2464
Article3829,0,1427
Article3830,0,1167
Article3831,0,1042
Article3832,0,1614
Article3833,0,2700
Article3834,0,535
Article3835,0,1194
Article3836,0,1627
Article3837,0,2842
Article3838,0,1732
Article3839,0,2624
Article3840,0,957
Article3841,0,832
Article3842,0,290
Article3843,0,2840
Article3844,0,939
Article3845,0,2151
Article3846,0,1140
Article3847,0,2985
Article3848,1,2922
Article3849,0,2760
Article3850,0,576
Article3851,0,2323
Article3852,0,710
Article3853,0,877
Article3854,0,286
Article3855,0,473
Article3856,1,2209
Article3857,0,1494
Article3858,0,1711
Article3859,0,2986
Article3860,0,2883
Article3861,1,1656
Article3862,0,1280
Article3863,0,1435
Article3864,0,2941
Article3865,0,1211
Article3866,0,2935
Article3867,0,2893
Article3868,0,2491
Article3869,0,2229
Article3870,0,1959
Article3871,0,2932
Article3872,0,1823
Article3873,0,2387
Article3874,1,296
Article3875,0,1577
Article3876,0,910
Article3877,1,2748
Article3878,0,2190
Article3879,0,2135
Article3880,1,2555
Article3881,0,1644
Article3882,0,1587
Article3883,0,1125
Article3884,0,451
Article3885,0,1642
Article3886,0,105
Article3887,0,2278
Article3888,1,441
Article3889,1,697
Article3890,0,2461
Article3891,0,1498
Article3892,0,2272
Article3893,0,1915
Article3894,0,2814
Article3895,1,845
Article3896,0,191
Article3897,0,2180
Article3898,0,1561
Article3899,0,2384
Article3900,1,2016
Article3901,0,467
Article3902,0,2451
Article3903,0,243
Article3904,0,2894
Article3905,0,684
Article3906,0,1123
Article3907,0,2827
Article3908,0,2108
Article3909,0,731
Article3910,0,2038
Article3911,0,746
Article3912,0,2064
Article3913,0,1619
Article3914,1,1674
Article3915,0,1504
Article3916,0,1420
Article3917,0,2566
Article3918,0,628
Article3919,0,533
Article3920,0,2444
Article3921,0,647
Article3922,0,2572
Article3923,0,324
Article3924,0,778
Article3925,0,922
Article3926,0,2083
Article3927,0,2845
Article3928,0,2247
Article3929,0,357
Article3930,0,1195
Article3931,1,1713
Article3932,0,1089
Article3933,1,1234
Article3934,1,249
Article3935,0,630
Article3936,0,2544
Article3937,0,1687
Article3938,0,1828
Article3939,0,2999
Article3940,0,2596
Article3941,0,981
Article3942,0,2998
Article3943,0,1864
Article3944,0,2893
Article3945,1,2407
Article3946,0,620
Article3947,1,1728
Article3948,0,2273
Article3949,1,2516
Article3950,0,1835
Article3951,0,159
Article3952,0,102
Article3953,0,373
Article3954,0,2383
Article3955,1,2708
Article3956,0,2209
Article3957,0,1605
Article3958,0,1214
Article3959,0,692
Article3960,0,1416
Article3961,0,2988
Article3962,0,1020
Article3963,0,704
Article3964,0,47
Article3965,0,2772
Article3966,0,277
Article3967,0,458
Article3968,0,294
Article3969,0,1733
Article3970,0,2248
Article3971,0,965
Article3972,0,1241
Article3973,0,1919
Article3974,0,2456
Article3975,0,1040
Article3976,0,701
Article3977,0,320
Article3978,1,1020
Article3979,1,1960
Article3980,0,514
Article3981,0,1511
Article3982,0,2090
Article3983,0,1840
Article3984,0,1511
Article3985,0,333
Article3986,1,2701
Article3987,0,716
Article3988,1,106
Article3989,0,2809
Article3990,0,2242
Article3991,0,1575
Article3992,0,2300
Article3993,0,1911
Article3994,0,2604
Article3995,0,542
Article3996,0,994
Article3997,0,2435
Article3998,1,1882
Article3999,0,501
Article4000,0,171
Article4001,0,1844
Article4002,0,342
Article4003,0,971
Article4004,0,1298
Article4005,0,2300
Article4006,0,2436
Article4007,0,829
Article4008,0,250
Article4009,0,2319
Article4010,0,1803
Article4011,0,756
Article4012,1,595
Article4013,0,2406
Article4014,0,2800
Article4015,0,2530
Article4016,0,2328
Article4017,0,1446
Article4018,0,1298
Article4019,0,1446
Article4020,0,2679
Article4021,0,1022
Article4022,0,1716
Article4023,0,727
Article4024,0,5
Article4025,0,1325
Article4026,0,1340
Article4027,0,487
Article4028,0,2094
Article4029,1,2773
Article4030,0,518
Article4031,0,1158
Article4032,0,1320
Article4033,0,1937
Article4034,0,636
Article4035,0,1923
Article4036,0,2130
Article4037,0,1942
Article4038,0,1192
Article4039,0,2237
Article4040,0,189
Article4041,0,348
Article4042,0,2318
Article4043,0,2089
Article4044,0,1649
Article4045,0,285
Article4046,0,1316
Article4047,0,2794
Article4048,0,135
Article4049,0,978
Article4050,1,829
Article4051,0,767
Article4052,0,2015
Article4053,0,1893
Article4054,0,505
Article4055,0,986
Article4056,0,2047
Article4057,0,527
Article4058,0,1867
Article4059,0,1845
Article4060,0,1416
Article4061,1,225
Article4062,0,2563
Article4063,0,957
Article4064,0,2670
Article4065,0,1542
Article4066,0,1197
Article4067,0,614
Article4068,0,253
Article4069,0,1562
Article4070,0,1317
Article4071,0,58
Article4072,1,1275
Article4073,0,2821
Article4074,0,2761
Article4075,0,2581
Article4076,0,340
Article4077,0,33
Article4078,0,518
Article4079,0,659
Article4080,0,1296
Article4081,1,1883
Article4082,0,1451
Article4083,0,476
Article4084,0,1816
Article4085,0,2881
Article4086,0,1813
Article4087,0,78
Article4088,0,269
Article4089,0,788
Article4090,0,2923
Article4091,0,1352
Article4092,0,78
Article4093,0,2367
Article4094,1,2445
Article4095,0,2929
Article4096,0,351
Article4097,0,213
Article4098,0,1870
Article4099,0,162
Article4100,0,885
Article4101,0,1911
Article4102,0,2266
Article4103,1,287
Article4104,0,516
Article4105,0,2380
Article4106,0,2945
Article4107,0,677
Article4108,0,278
Article4109,0,1524
Article4110,0,1911
Article4111,0,331
Article4112,0,2980
Article4113,0,1995
Article4114,0,291
Article4115,0,337
Article4116,0,2115
Article4117,0,270
Article4118,0,2360
Article4119,0,1840
Article4120,0,1865
Article4121,1,929
Article4122,0,1302
Article4123,0,1233
Article4124,0,1889
Article4125,0,424
Article4126,0,1900
Article4127,0,1855
Article4128,0,1920
Article4129,0,2333
Article4130,0,2399
Article4131,0,2554
Article4132,0,2691
Article4133,0,1882
Article4134,0,419
Article4135,0,2494
Article4136,0,2935
Article4137,1,719
Article4138,0,925
Article4139,0,734
Article4140,0,1298
Article4141,0,2549
Article4142,0,2654
Article4143,0,1674
Article4144,0,728
Article4145,1,1085
Article4146,0,926
Article4147,1,2963
Article4148,1,979
Article4149,0,623
Article4150,0,1319
Article4151,0,229
Article4152,1,1970
Article4153,0,1397
Article4154,0,778
Article4155,0,649
Article4156,0,1362
Article4157,0,1184
Article4158,0,1988
Article4159,0,608
Article4160,0,390
Article4161,0,2302
Article4162,0,1918
Article4163,0,637
Article4164,0,2391
Article4165,0,1952
Article4166,0,2610
Article4167,0,2928
Article4168,1,451
Article4169,0,1700
Article4170,0,807
Article4171,0,1008
Article4172,0,2146
Article4173,0,995
Article4174,0,368
Article4175,0,1744
Article4176,1,2824
Article4177,0,91
Article4178,0,1666
Article4179,0,1733
Article4180,0,1261
Article4181,0,957
Article4182,0,1533
Article4183,0,1932
Article4184,0,1688
Article4185,0,2165
Article4186,0,485
Article4187,0,2452
Article4188,0,2044
Article4189,0,662
Article4190,0,698
Article4191,0,2528
Article4192,1,1453
Article4193,0,1595
Article4194,0,2498
Article4195,0,2507
Article4196,0,350
Article4197,0,2316
Article4198,0,1131
Article4199,1,2986
Article4200,0,2803
Article4201,0,1413
Article4202,0,752
Article4203,0,1831
Article4204,0,2049
Article4205,0,1319
Article4206,1,2158
Article4207,0,1399
Article4208,0,1649
Article4209,0,1651
Article4210,0,298
Article4211,0,1063
Article4212,0,2555
Article4213,0,1415
Article4214,0,2316
Article4215,0,2689
Article4216,0,1696
Article4217,0,511
Article4218,0,2934
Article4219,0,338
Article4220,0,721
Article4221,0,2517
Article4222,0,1445
Article4223,0,303
Article4224,0,1071
Article4225,0,222
Article4226,1,2212
Article4227,0,224
Article4228,0,872
Article4229,1,1621
Article4230,0,1509
Article4231,0,1314
Article4232,0,1009
Article4233,0,2976
Article4234,0,846
Article4235,0,328
Article4236,0,336
Article4237,0,315
Article4238,1,2225
Article4239,1,2799
Article4240,0,429
Article4241,0,1632
Article4242,0,1888
Article4243,0,2589
Article4244,0,1594
Article4245,0,185
Article4246,0,794
Article4247,0,1674
Article4248,0,1831
Article4249,0,1133
Article4250,0,384
Article4251,0,1435
Article4252,0,2423
Article4253,1,1944
Article4254,0,886
Article4255,0,1575
Article4256,0,1362
Article4257,0,2823
Article4258,0,1834
Article4259,0,2563
Article4260,0,2227
Article4261,0,335
Article4262,0,1593
Article4263,1,1628
Article4264,0,1375
Article4265,0,179
Article4266,0,152
Article4267,0,299
Article4268,0,2438
Article4269,0,538
Article4270,0,2532
Article4271,0,1072
Article4272,0,2807
Article4273,0,2414
Article4274,0,1582
Article4275,1,2422
Article4276,0,335
Article4277,0,78
Article4278,0,191
Article4279,0,1315
Article4280,0,1956
Article4281,1,1846
Article4282,0,2733
Article4283,0,1595
Article4284,0,1914
Article4285,0,2265
Article4286,0,643
Article4287,0,2106
Article4288,0,1663
Article4289,0,1514
Article4290,1,1002
Article4291,0,563
Article4292,0,530
Article4293,0,429
Article4294,0,583
Article4295,0,523
Article4296,1,1425
Article4297,0,231
Article4298,0,538
Article4299,0,1540
Article4300,1,2778
Article4301,0,33
Article4302,0,2349
Article4303,0,1005
Article4304,0,1790
Article4305,1,2947
Article4306,0,990
Article4307,0,510
Article4308,0,1943
Article4309,0,487
Article4310,0,1432
Article4311,0,705
Article4312,0,1995
Article4313,0,981
Article4314,0,1877
Article4315,0,2075
Article4316,0,2268
Article4317,0,2072
Article4318,0,1633
Article4319,0,460
Article4320,0,107
Article4321,0,1171
Article4322,0,1712
Article4323,0,1019
Article4324,0,2764
Article4325,0,2978
Article4326,1,1784
Article4327,0,2126
Article4328,0,2327
Article4329,0,499
Article4330,0,2075
Article4331,0,1765
Article4332,0,2990
Article4333,0,2949
Article4334,0,295
Article4335,0,2893
Article4336,0,966
Article4337,0,1203
Article4338,0,2414
Article4339,0,2466
Article4340,1,926
Article4341,0,164
Article4342,0,1751
Article4343,0,129
Article4344,0,2059
Article4345,0,2412
Article4346,0,1797
Article4347,0,381
Article4348,0,830
Article4349,0,15
Article4350,0,869
Article4351,0,1826
Article4352,0,497
Article4353,0,2087
Article4354,0,2930
Article4355,0,2238
Article4356,0,2761
Article4357,0,1616
Article4358,0,678
Article4359,0,1777
Article4360,1,1240
Article4361,1,1080
Article4362,1,1693
Article4363,1,1323
Article4364,0,162
Article4365,0,201
Article4366,0,3000
Article4367,0,2720
Article4368,0,680
Article4369,0,1788
Article4370,0,1548
Article4371,0,2317
Article4372,0,5
Article4373,0,2924
Article4374,1,1761
Article4375,1,2809
Article4376,1,1505
Article4377,0,2467
Article4378,1,633
Article4379,0,584
Article4380,0,1204
Article4381,0,2182
Article4382,0,2479
Article4383,0,39
Article4384,1,427
Article4385,0,523
Article4386,0,858
Article4387,0,500
Article4388,0,1217
Article4389,0,2614
Article4390,0,2990
Article4391,0,2582
Article4392,0,2903
Article4393,1,93
Article4394,0,1774
Article4395,0,2896
Article4396,0,835
Article4397,0,2192
Article4398,0,864
Article4399,0,759
Article4400,0,1076
Article4401,0,2893
Article4402,0,2049
Article4403,0,1788
Article4404,0,94
Article4405,0,1141
Article4406,1,853
Article4407,0,2372
Article4408,0,424
Article4409,1,2871
Article4410,0,896
Article4411,0,2888
Article4412,0,45
Article4413,0,2275
Article4414,1,454
Article4415,1,2092
Article4416,0,2430
Article4417,0,1520
Article4418,0,835
Article4419,1,504
Article4420,0,1331
Article4421,1,2975
Article4422,1,552
Article4423,1,671
Article4424,0,2841
Article4425,0,1480
Article4426,1,2962
Article4427,0,2980
Article4428,0,2252
Article4429,0,12
Article4430,0,888
Article4431,0,277
Article4432,0,2004
Article4433,0,2906
Article4434,1,2680
Article4435,0,2462
Article4436,0,2558
Article4437,0,785
Article4438,0,135
Article4439,0,519
Article4440,1,2551
Article4441,0,1842
Article4442,0,1411
Article4443,0,2774
Article4444,0,2448
Article4445,1,2304
Article4446,1,795
Article4447,0,900
Article4448,0,1311
Article4449,1,2094
Article4450,1,587
Article4451,0,2714
Article4452,0,997
Article4453,0,1271
Article4454,0,1926
Article4455,0,787
Article4456,0,1998
Article4457,0,2051
Article4458,0,840
Article4459,0,1830
Article4460,0,2131
Article4461,0,135
Article4462,0,816
Article4463,0,2732
Article4464,0,1672
Article4465,0,2363
Article4466,0,788
Article4467,0,1389
Article4468,0,1032
Article4469,0,2584
Article4470,0,291
Article4471,0,57
Article4472,0,2934
Article4473,0,1268
Article4474,0,538
Article4475,0,834
Article4476,0,532
Article4477,0,207
Article4478,0,2229
Article4479,0,1597
Article4480,0,2975
Article4481,0,1260
Article4482,0,1669
Article4483,0,2685
Article4484,0,1964
Article4485,0,396
Article4486,0,1815
Article4487,0,1229
Article4488,0,1931
Article4489,0,2491
Article4490,0,2783
Article4491,0,2008
Article4492,0,2834
Article4493,0,2212
Article4494,0,1872
Article4495,0,2781
Article4496,1,639
Article4497,0,109
Article4498,0,1073
Article4499,0,2244
Article4500,0,1044
Article4501,0,1729
Article4502,0,1374
Article4503,0,2020
Article4504,0,548
Article4505,0,2974
Article4506,0,2417
Article4507,0,267
Article4508,0,110
Article4509,1,2720
Article4510,0,1216
Article4511,0,1328
Article4512,0,1946
Article4513,0,1456
Article4514,0,7
Article4515,0,2793
Article4516,0,2608
Article4517,0,2221
Article4518,0,1236
Article4519,0,711
Article4520,1,543
Article4521,0,2439
Article4522,0,849
Article4523,0,1531
Article4524,0,2755
Article4525,0,1316
Article4526,0,1166
Article4527,0,413
Article4528,1,2373
Article4529,1,1252
Article4530,1,1495
Article4531,0,2258
Article4532,0,2368
Article4533,0,2796
Article4534,1,1395
Article4535,0,2714
Article4536,0,2561
Article4537,0,2155
Article4538,1,1898
Article4539,0,1220
Article4540,0,2179
Article4541,0,2593
Article4542,1,1701
Article4543,1,2845
Article4544,0,689
Article4545,0,191
Article4546,0,1432
Article4547,0,1925
Article4548,0,2588
Article4549,0,2847
Article4550,0,575
Article4551,0,2859
Article4552,0,2523
Article4553,0,323
Article4554,0,269
Article4555,0,2415
Article4556,0,1536
Article4557,0,2349
Article4558,0,2384
Article4559,0,2435
Article4560,0,2431
Article4561,0,547
Article4562,0,1524
Article4563,0,2804
Article4564,0,2068
Article4565,0,354
Article4566,0,1655
Article4567,0,1161
Article4568,0,2101
Article4569,0,1815
Article4570,0,384
Article4571,0,2523
Article4572,0,2329
Article4573,0,1478
Article4574,1,2975
Article4575,0,1270
Article4576,0,28
Article4577,0,42
Article4578,0,1566
Article4579,0,2839
Article4580,0,1377
Article4581,0,839
Article4582,0,367
Article4583,0,2954
Article4584,0,2072
Article4585,0,1341
Article4586,0,824
Article4587,0,797
Article4588,0,2961
Article4589,0,2136
Article4590,1,1757
Article4591,0,1253
Article4592,0,2077
Article4593,0,2568
Article4594,0,2067
Article4595,0,1463
Article4596,0,24
Article4597,0,1984
Article4598,1,729
Article4599,0,2771
Article4600,0,1478
Article4601,0,2266
Article4602,0,466
Article4603,0,1456
Article4604,0,906
Article4605,1,738
Article4606,0,595
Article4607,0,2835
Article4608,0,423
Article4609,0,753
Article4610,0,1736
Article4611,0,1958
Article4612,0,2055
Article4613,1,2558
Article4614,0,1433
Article4615,0,2558
Article4616,0,139
Article4617,0,1727
Article4618,0,2539
Article4619,0,928
Article4620,0,48
Article4621,0,2128
Article4622,0,2516
Article4623,0,1121
Article4624,0,1666
Article4625,0,338
Article4626,0,496
Article4627,0,2543
Article4628,0,89
Article4629,0,1756
Article4630,0,24
Article4631,0,1876
Article4632,0,1597
Article4633,1,1352
Article4634,0,2528
Article4635,0,2234
Article4636,0,1248
Article4637,0,2595
Article4638,0,510
Article4639,0,2600
Article4640,0,2973
Article4641,0,2310
Article4642,0,440
Article4643,0,2445
Article4644,0,1549
Article4645,0,1942
Article4646,0,2345
Article4647,0,317
Article4648,0,640
Article4649,0,165
Article4650,1,2695
Article4651,1,1926
Article4652,1,1024
Article4653,0,2343
Article4654,1,513
Article4655,0,2328
Article4656,1,1399
Article4657,0,2812
Article4658,0,2604
Article4659,0,1635
Article4660,0,1675
Article4661,1,2638
Article4662,0,694
Article4663,0,2359
Article4664,0,928
Article4665,0,1214
Article4666,0,1413
Article4667,0,1495
Article4668,0,2004
Article4669,0,1648
Article4670,0,166
Article4671,1,2735
Article4672,0,2019
Article4673,0,1361
Article4674,1,2586
Article4675,0,2991
Article4676,0,952
Article4677,0,899
Article4678,0,1120
Article4679,0,2619
Article4680,0,1813
Article4681,0,2144
Article4682,0,759
Article4683,0,2634
Article4684,0,2665
Article4685,0,747
Article4686,0,2503
Article4687,0,370
Article4688,0,300
Article4689,0,1901
Article4690,0,1373
Article4691,0,1135
Article4692,0,941
Article4693,1,30
Article4694,0,2317
Article4695,0,2201
Article4696,0,170
Article4697,0,1992
Article4698,0,1898
Article4699,0,1114
Article4700,0,2622
Article4701,0,1864
Article4702,0,845
Article4703,0,37
Article4704,1,1993
Article4705,0,2749
Article4706,0,1844
Article4707,0,2636
Article4708,0,132
Article4709,0,2235
Article4710,0,218
Article4711,0,1816
Article4712,0,1663
Article4713,0,1124
Article4714,0,923
Article4715,0,285
Article4716,0,1648
Article4717,0,2557
Article4718,1,51
Article4719,0,75
Article4720,0,2786
Article4721,0,557
Article4722,0,2862
Article4723,1,1959
Article4724,0,2813
Article4725,0,2714
Article4726,0,1576
Article4727,1,2104
Article4728,0,1570
Article4729,1,835
Article4730,1,2738
Article4731,0,1989
Article4732,0,2688
Article4733,0,2808
Article4734,1,1317
Article4735,0,1374
Article4736,0,809
Article4737,0,2980
Article4738,1,327
Article4739,0,2203
Article4740,0,1787
Article4741,0,2399
Article4742,0,2453
Article4743,0,2840
Article4744,0,1694
Article4745,0,2896
Article4746,0,2364
Article4747,0,2407
Article4748,0,497
Article4749,0,544
Article4750,0,2590
Article4751,0,1142
Article4752,0,814
Article4753,0,2123
Article4754,0,1359
Article4755,0,2260
Article4756,0,1482
Article4757,0,1941
Article4758,0,1712
Article4759,0,2014
Article4760,0,1550
Article4761,0,1451
Article4762,0,701
Article4763,0,1820
Article4764,0,647
Article4765,0,987
Article4766,0,2097
Article4767,0,39
Article4768,0,992
Article4769,0,2142
Article4770,1,614
Article4771,0,1726
Article4772,0,2563
Article4773,0,308
Article4774,0,385
Article4775,1,2506
Article4776,0,1223
Article4777,0,755
Article4778,0,2066
Article4779,0,103
Article4780,0,2392
Article4781,0,1194
Article4782,0,1688
Article4783,0,1677
Article4784,0,1877
Article4785,0,868
Article4786,0,1741
Article4787,0,745
Article4788,0,304
Article4789,0,1029
Article4790,1,418
Article4791,0,2739
Article4792,0,1165
Article4793,0,1493
Article4794,0,1525
Article4795,0,471
Article4796,0,879
Article4797,0,1698
Article4798,0,1787
Article4799,0,639
Article4800,0,681
Article4801,0,2483
Article4802,0,2244
Article4803,0,2902
Article4804,0,1577
Article4805,0,969
Article4806,0,2106
Article4807,1,237
Article4808,0,687
Article4809,0,733
Article4810,0,2249
Article4811,0,934
Article4812,0,1368
Article4813,1,2259
Article4814,0,2437
Article4815,0,980
Article4816,1,1523
Article4817,0,213
Article4818,0,1420
Article4819,0,2300
Article4820,1,2661
Article4821,0,2684
Article4822,0,1795
Article4823,0,2492
Article4824,0,2219
Article4825,0,766
Article4826,0,1261
Article4827,0,4
Article4828,0,195
Article4829,0,1824
Article4830,0,1751
Article4831,0,2151
Article4832,0,714
Article4833,0,2087
Article4834,0,423
Article4835,0,1011
Article4836,0,2008
Article4837,0,2843
Article4838,1,403
Article4839,1,1012
Article4840,1,215
Article4841,0,1015
Article4842,0,262
Article4843,0,754
Article4844,0,1274
Article4845,0,1687
Article4846,1,2717
Article4847,0,373
Article4848,0,2082
Article4849,0,1963
Article4850,1,1199
Article4851,0,1283
Article4852,0,2116
Article4853,0,1072
Article4854,1,181
Article4855,0,1179
Article4856,0,72
Article4857,0,51
Article4858,0,1507
Article4859,0,657
Article4860,0,757
Article4861,0,1423
Article4862,0,321
Article4863,0,1436
Article4864,0,2710
Article4865,0,1429
Article4866,0,2145
Article4867,0,2657
Article4868,0,1636
Article4869,0,2621
Article4870,0,1634
Article4871,0,2927
Article4872,0,895
Article4873,0,1811
Article4874,0,1033
Article4875,0,1167
Article4876,0,1589
Article4877,0,660
Article4878,0,1426
Article4879,0,2581
Article4880,0,1974
Article4881,0,1077
Article4882,0,1276
Article4883,0,1522
Article4884,0,2220
Article4885,0,304
Article4886,0,2420
Article4887,0,1727
Article4888,1,1243
Article4889,0,1355
Article4890,0,485
Article4891,0,290
Article4892,0,198
Article4893,0,1087
Article4894,0,2058
Article4895,0,2275
Article4896,0,945
Article4897,0,819
Article4898,0,1141
Article4899,0,1422
Article4900,0,2175
Article4901,0,1287
Article4902,0,1670
Article4903,0,378
Article4904,0,1505
Article4905,0,2802
Article4906,0,818
Article4907,0,2647
Article4908,0,1941
Article4909,0,471
Article4910,0,650
Article4911,0,1401
Article4912,0,1699
Article4913,0,1829
Article4914,1,107
Article4915,0,320
Article4916,0,1064
Article4917,0,1912
Article4918,0,2718
Article4919,0,2382
Article4920,0,3
Article4921,0,2422
Article4922,0,780
Article4923,1,179
Article4924,0,1344
Article4925,0,2427
Article4926,0,1723
Article4927,0,2296
Article4928,0,215
Article4929,0,2737
Article4930,0,1911
Article4931,0,917
Article4932,0,3000
Article4933,0,2975
Article4934,0,1288
Article4935,0,731
Article4936,0,1607
Article4937,0,2397
Article4938,0,1672
Article4939,0,2027
Article4940,0,2851
Article4941,0,255
Article4942,1,904
Article4943,0,420
Article4944,0,1845
Article4945,0,1498
Article4946,0,1535
Article4947,1,189
Article4948,0,2640
Article4949,0,2004
Article4950,0,1485
Article4951,0,568
Article4952,0,2222
Article4953,0,1154
Article4954,0,125
Article4955,0,449
Article4956,0,642
Article4957,0,1148
Article4958,1,2373
Article4959,0,1270
Article4960,0,1580
Article4961,0,925
Article4962,0,1288
Article4963,0,1124
Article4964,0,1338
Article4965,0,2054
Article4966,0,1250
Article4967,0,383
Article4968,0,1911
Article4969,0,920
Article4970,1,2897
Article4971,0,1544
Article4972,0,714
Article4973,0,2567
Article4974,1,1370
Article4975,0,766
Article4976,0,600
Article4977,0,1907
Article4978,0,1034
Article4979,0,2601
Article4980,0,2066
Article4981,0,957
Article4982,0,616
Article4983,1,1462
Article4984,1,2637
Article4985,0,1940
Article4986,0,2722
Article4987,0,54
Article4988,0,2395
Article4989,1,2908
Article4990,0,168
Article4991,0,349
Article4992,0,2935
Article4993,0,314
Article4994,0,375
Article4995,0,1252
Article4996,0,1203
Article4997,0,2231
Article4998,0,2586
Article4999,0,1277
Article5000,0,1830
